{"type":"FeatureCollection", "features": [
{"type":"Feature","geometry":{"type":"Polygon","coordinates":[[[79.842,7.2734],[79.8416,7.2489],[79.8407,7.2389],[79.8397,7.2369],[79.839,7.2238],[79.837,7.2173],[79.8288,7.2074],[79.8359,7.2083],[79.8383,7.2035],[79.8359,7.2005],[79.8365,7.195],[79.8397,7.1945],[79.8462,7.1962],[79.848,7.1991],[79.8526,7.195],[79.8543,7.1894],[79.8584,7.1834],[79.8671,7.1659],[79.8686,7.1555],[79.866,7.1543],[79.8667,7.142],[79.8709,7.1317],[79.8694,7.1236],[79.8721,7.1206],[79.8653,7.1124],[79.86,7.1218],[79.8586,7.1114],[79.8543,7.1055],[79.8451,7.1122],[79.8472,7.1203],[79.8409,7.1268],[79.8389,7.1317],[79.8394,7.136],[79.8375,7.1439],[79.8387,7.1459],[79.8332,7.15],[79.8323,7.1593],[79.8299,7.1615],[79.8257,7.1721],[79.8253,7.1801],[79.8228,7.1832],[79.8266,7.1902],[79.8278,7.196],[79.8306,7.2006],[79.8258,7.2082],[79.8194,7.2073],[79.8169,7.2035],[79.8214,7.1787],[79.8321,7.14],[79.8421,7.1124],[79.8463,7.0901],[79.8559,7.049],[79.8617,7.026],[79.8652,7.0091],[79.867,7.0059],[79.8689,6.9873],[79.8692,6.9798],[79.8685,6.9694],[79.8623,6.9638],[79.8566,6.962],[79.8561,6.9532],[79.8537,6.9535],[79.8498,6.9395],[79.8464,6.9383],[79.8428,6.9454],[79.8285,6.9448],[79.8267,6.9413],[79.8368,6.9412],[79.84,6.9365],[79.8462,6.9176],[79.8535,6.8904],[79.8578,6.8716],[79.8616,6.8494],[79.8627,6.8373],[79.8615,6.833],[79.8629,6.8253],[79.8699,6.8049],[79.8724,6.7949],[79.8804,6.7702],[79.887,6.7542],[79.8998,6.7207],[79.8995,6.7159],[79.9077,6.6991],[79.9171,6.6822],[79.9353,6.6414],[79.9411,6.6244],[79.9475,6.6091],[79.9513,6.5936],[79.9558,6.5837],[79.9591,6.5698],[79.9659,6.5519],[79.9696,6.5435],[79.9815,6.5116],[79.9815,6.5091],[79.9767,6.5035],[79.9794,6.4992],[79.9826,6.4885],[79.9827,6.4775],[79.9792,6.4766],[79.9741,6.4707],[79.9751,6.466],[79.9745,6.4597],[79.9772,6.4567],[79.9773,6.4523],[79.9809,6.4481],[79.9877,6.4431],[79.9876,6.4404],[79.9901,6.4412],[79.993,6.4382],[79.9959,6.4306],[80.0004,6.4269],[80.0047,6.4304],[80.0062,6.4359],[80.0124,6.4371],[80.0233,6.4316],[80.0268,6.4234],[80.0321,6.4192],[80.0393,6.4195],[80.044,6.4152],[80.0514,6.4137],[80.0562,6.4092],[80.0634,6.4071],[80.0671,6.3996],[80.0697,6.398],[80.0769,6.3983],[80.0803,6.4017],[80.0875,6.4018],[80.0953,6.3959],[80.1138,6.386],[80.1192,6.3789],[80.1222,6.3712],[80.1364,6.3662],[80.1389,6.3674],[80.1537,6.3673],[80.1675,6.3617],[80.1693,6.3601],[80.1783,6.3598],[80.1858,6.3584],[80.1896,6.3545],[80.1971,6.3581],[80.2012,6.3578],[80.2077,6.3604],[80.2071,6.3721],[80.212,6.3715],[80.2188,6.3803],[80.2266,6.3789],[80.2307,6.377],[80.2411,6.3766],[80.2455,6.3725],[80.2466,6.3686],[80.2524,6.366],[80.2586,6.3591],[80.2647,6.3546],[80.2693,6.3499],[80.2759,6.3491],[80.2828,6.3408],[80.2856,6.3348],[80.2901,6.3316],[80.2936,6.3261],[80.2992,6.3263],[80.3009,6.3354],[80.2992,6.3458],[80.2946,6.3545],[80.2935,6.3606],[80.2903,6.3704],[80.2897,6.391],[80.2988,6.3976],[80.3051,6.3954],[80.314,6.3972],[80.3193,6.4016],[80.3346,6.411],[80.3489,6.417],[80.3526,6.4193],[80.3567,6.4173],[80.3591,6.4204],[80.3689,6.4268],[80.3768,6.4275],[80.3813,6.4256],[80.3793,6.4283],[80.3803,6.4342],[80.3762,6.4399],[80.3704,6.446],[80.3613,6.4587],[80.3563,6.4689],[80.3381,6.4931],[80.3386,6.4939],[80.3276,6.5121],[80.313,6.5342],[80.3054,6.5378],[80.3046,6.5468],[80.3014,6.5532],[80.2952,6.5623],[80.2984,6.5666],[80.3066,6.5687],[80.3143,6.5717],[80.3114,6.5761],[80.3032,6.5959],[80.2935,6.6039],[80.2858,6.6148],[80.2818,6.6183],[80.2744,6.6179],[80.272,6.6197],[80.2613,6.6224],[80.2548,6.6274],[80.2537,6.6315],[80.2495,6.637],[80.2491,6.6427],[80.2516,6.6459],[80.2514,6.6541],[80.2455,6.6643],[80.2391,6.671],[80.229,6.6779],[80.2201,6.691],[80.2158,6.6919],[80.2137,6.6993],[80.2014,6.7264],[80.1986,6.7304],[80.2057,6.7317],[80.2041,6.7386],[80.1998,6.7479],[80.1925,6.761],[80.1896,6.7721],[80.1922,6.7796],[80.1901,6.7856],[80.1866,6.7876],[80.1867,6.7913],[80.1809,6.7967],[80.1767,6.8121],[80.1796,6.8147],[80.1883,6.8155],[80.1907,6.8144],[80.1995,6.8154],[80.2021,6.8194],[80.2026,6.8298],[80.1992,6.8355],[80.1983,6.8422],[80.1954,6.8467],[80.1946,6.8505],[80.1915,6.854],[80.1794,6.8566],[80.175,6.8599],[80.1795,6.8663],[80.1833,6.8814],[80.1837,6.8865],[80.1901,6.8926],[80.1887,6.8979],[80.1946,6.9041],[80.2004,6.9049],[80.2005,6.9087],[80.2047,6.9134],[80.2094,6.915],[80.2127,6.92],[80.2123,6.9253],[80.2082,6.9368],[80.21,6.9388],[80.2188,6.9367],[80.2221,6.938],[80.2232,6.9417],[80.2226,6.9497],[80.2175,6.9564],[80.2173,6.9631],[80.2182,6.9726],[80.2171,6.9753],[80.2072,6.9787],[80.1992,6.9762],[80.1894,6.9784],[80.1836,6.975],[80.1792,6.9777],[80.1812,6.9814],[80.1818,6.9896],[80.1811,6.9961],[80.1784,7.0004],[80.1747,7.015],[80.1711,7.0219],[80.1703,7.034],[80.1679,7.041],[80.1681,7.0475],[80.1634,7.0546],[80.1629,7.0587],[80.1667,7.0624],[80.167,7.0673],[80.174,7.073],[80.177,7.0827],[80.188,7.0899],[80.1873,7.1008],[80.1855,7.1045],[80.1962,7.1024],[80.1964,7.1116],[80.1992,7.1171],[80.2033,7.1195],[80.2072,7.1281],[80.2123,7.1302],[80.2119,7.1335],[80.2027,7.1375],[80.1981,7.135],[80.1944,7.1377],[80.1833,7.1383],[80.1766,7.133],[80.1717,7.1325],[80.1679,7.128],[80.1627,7.1269],[80.1599,7.1306],[80.1544,7.1532],[80.1563,7.1559],[80.1572,7.164],[80.1549,7.1735],[80.1534,7.1832],[80.1458,7.1875],[80.1469,7.1899],[80.1541,7.1915],[80.1548,7.1869],[80.1595,7.1846],[80.1609,7.1868],[80.1607,7.1932],[80.1674,7.1935],[80.1698,7.1958],[80.1815,7.1936],[80.1843,7.1963],[80.1831,7.1996],[80.1865,7.2049],[80.1846,7.2132],[80.189,7.2209],[80.1896,7.2264],[80.1866,7.2352],[80.1884,7.2377],[80.1958,7.2409],[80.2002,7.2449],[80.1998,7.2506],[80.1956,7.2582],[80.1905,7.2638],[80.1865,7.2614],[80.1773,7.2725],[80.1742,7.2778],[80.1703,7.2807],[80.1687,7.2854],[80.1631,7.2901],[80.159,7.2905],[80.1522,7.2975],[80.1476,7.2994],[80.143,7.3061],[80.1488,7.3124],[80.1403,7.3199],[80.14,7.3225],[80.1306,7.3283],[80.1242,7.3305],[80.1169,7.3249],[80.1078,7.3211],[80.1039,7.3172],[80.1029,7.3138],[80.0979,7.311],[80.0943,7.3073],[80.0873,7.3034],[80.084,7.3046],[80.0821,7.2985],[80.0636,7.2857],[80.0592,7.2839],[80.0543,7.2844],[80.0532,7.291],[80.0469,7.296],[80.0474,7.299],[80.037,7.3036],[80.0308,7.3026],[80.0291,7.3097],[80.0249,7.3123],[80.0267,7.3179],[80.02,7.3177],[80.0159,7.3144],[80.0056,7.3203],[80.0043,7.3149],[79.9991,7.3145],[79.9958,7.3102],[79.9901,7.3087],[79.9895,7.3033],[79.9804,7.3001],[79.9786,7.2939],[79.9722,7.2929],[79.9694,7.2895],[79.9657,7.2895],[79.9619,7.2928],[79.9572,7.2942],[79.9567,7.2901],[79.9506,7.2889],[79.9534,7.281],[79.9485,7.2805],[79.9459,7.2739],[79.9416,7.2765],[79.9381,7.2807],[79.9356,7.2786],[79.9316,7.279],[79.9283,7.2829],[79.9233,7.2835],[79.9284,7.2731],[79.9245,7.272],[79.925,7.2769],[79.915,7.2769],[79.9166,7.272],[79.9153,7.2687],[79.9079,7.2653],[79.9053,7.2677],[79.9088,7.2734],[79.9029,7.2747],[79.9008,7.281],[79.8979,7.2748],[79.889,7.2736],[79.8848,7.2739],[79.8805,7.2807],[79.8739,7.2827],[79.8701,7.2795],[79.8698,7.2754],[79.8663,7.2709],[79.8587,7.2703],[79.8565,7.2756],[79.8502,7.2721],[79.842,7.2734]]]},"properties":{"zone":"01"}},
{"type":"Feature","geometry":{"type":"MultiPolygon","coordinates":[[[[79.7152,9.5295],[79.7001,9.5289],[79.6916,9.5319],[79.6867,9.5364],[79.6799,9.5402],[79.6721,9.5508],[79.668,9.5529],[79.6613,9.5541],[79.6559,9.5538],[79.6515,9.5488],[79.6507,9.5398],[79.6524,9.5299],[79.6525,9.5218],[79.6557,9.5122],[79.655,9.5051],[79.6584,9.5019],[79.6705,9.4955],[79.6853,9.486],[79.696,9.4805],[79.7091,9.4755],[79.7113,9.4763],[79.7201,9.4747],[79.7235,9.4765],[79.7292,9.4826],[79.7316,9.4922],[79.7294,9.4984],[79.7285,9.5064],[79.7262,9.5113],[79.7257,9.5232],[79.7234,9.5273],[79.7152,9.5295]]],[[[79.7827,9.6873],[79.7781,9.6841],[79.7762,9.68],[79.7702,9.6735],[79.7641,9.6605],[79.7652,9.6531],[79.7715,9.6509],[79.7747,9.6543],[79.7791,9.656],[79.7816,9.6613],[79.7862,9.6659],[79.7834,9.67],[79.7845,9.6724],[79.7831,9.6798],[79.7841,9.6846],[79.7827,9.6873]]],[[[79.8129,9.69],[79.814,9.6946],[79.8118,9.7025],[79.814,9.7101],[79.8096,9.7084],[79.8073,9.6951],[79.8094,9.687],[79.8129,9.69]]],[[[79.8553,9.7457],[79.8605,9.7372],[79.8613,9.7266],[79.8516,9.7169],[79.8521,9.7133],[79.8634,9.709],[79.8662,9.7066],[79.8741,9.7038],[79.8803,9.7037],[79.8839,9.7083],[79.8917,9.7117],[79.8922,9.7167],[79.89,9.7186],[79.8883,9.7276],[79.8945,9.7426],[79.8951,9.7495],[79.8972,9.7522],[79.897,9.7573],[79.8934,9.7626],[79.8961,9.765],[79.8999,9.7629],[79.9019,9.7668],[79.8955,9.7667],[79.8835,9.7619],[79.8799,9.7614],[79.8654,9.7629],[79.8609,9.7599],[79.8554,9.7515],[79.8553,9.7457]]],[[[80.6216,9.4595],[80.6069,9.4691],[80.5954,9.4787],[80.581,9.4879],[80.5498,9.5121],[80.5324,9.5263],[80.5091,9.5464],[80.4857,9.5657],[80.4361,9.6046],[80.4215,9.6155],[80.3933,9.6381],[80.3614,9.6646],[80.3333,9.6957],[80.3223,9.7109],[80.3146,9.7226],[80.3043,9.74],[80.2881,9.7598],[80.2832,9.7673],[80.267,9.7932],[80.2564,9.8142],[80.2548,9.8216],[80.2521,9.8255],[80.2468,9.8286],[80.2354,9.8281],[80.2152,9.8353],[80.208,9.835],[80.1948,9.8294],[80.1884,9.8278],[80.1671,9.8255],[80.147,9.8263],[80.1397,9.8253],[80.1328,9.8204],[80.1299,9.8212],[80.1173,9.8149],[80.1117,9.8108],[80.1011,9.8089],[80.0886,9.8096],[80.0741,9.8113],[80.0571,9.8148],[80.0444,9.8162],[80.0366,9.8181],[80.0304,9.816],[80.021,9.8171],[80.0136,9.8158],[80.0078,9.8133],[79.9979,9.8112],[79.9913,9.8118],[79.9835,9.8099],[79.9762,9.8062],[79.9702,9.8051],[79.9648,9.8012],[79.9543,9.7983],[79.9481,9.7949],[79.9433,9.7901],[79.9436,9.7864],[79.9356,9.7809],[79.9256,9.7755],[79.9216,9.7746],[79.9145,9.7763],[79.911,9.7745],[79.9071,9.7694],[79.9088,9.767],[79.9052,9.7613],[79.9081,9.754],[79.9139,9.7516],[79.9256,9.7386],[79.9232,9.7354],[79.9263,9.7332],[79.9327,9.7221],[79.9304,9.7181],[79.9318,9.7104],[79.937,9.7043],[79.9395,9.6961],[79.9445,9.6944],[79.9456,9.6895],[79.9528,9.6911],[79.9638,9.7014],[79.9698,9.6946],[79.9799,9.6867],[79.9861,9.6857],[79.9867,9.6906],[79.9913,9.6913],[79.9979,9.6881],[80.0001,9.6785],[79.9976,9.672],[80.0037,9.6635],[80.0129,9.6569],[80.0131,9.654],[80.0193,9.6499],[80.0362,9.6459],[80.0398,9.6458],[80.0442,9.6505],[80.0508,9.6483],[80.0712,9.6381],[80.082,9.6284],[80.0961,9.6189],[80.124,9.6082],[80.1316,9.6064],[80.1327,9.6092],[80.1183,9.6137],[80.112,9.6211],[80.1122,9.6233],[80.1007,9.6296],[80.098,9.635],[80.0902,9.6383],[80.0825,9.6405],[80.0781,9.6445],[80.0766,9.6572],[80.0803,9.6558],[80.0911,9.6486],[80.1148,9.6361],[80.1372,9.6264],[80.1489,9.6187],[80.1536,9.6143],[80.1554,9.6099],[80.1679,9.5997],[80.1785,9.5926],[80.1998,9.5808],[80.2089,9.5837],[80.2084,9.5862],[80.2021,9.5873],[80.1978,9.59],[80.186,9.5942],[80.185,9.6002],[80.1804,9.6137],[80.1725,9.6299],[80.1727,9.6362],[80.1694,9.6383],[80.1625,9.6361],[80.1566,9.6454],[80.1615,9.6525],[80.1697,9.6565],[80.1781,9.6534],[80.1877,9.6485],[80.1933,9.6448],[80.2067,9.641],[80.2269,9.6316],[80.2398,9.6243],[80.255,9.6146],[80.257,9.617],[80.2638,9.6287],[80.2759,9.6525],[80.2887,9.6754],[80.2955,9.6913],[80.3078,9.6747],[80.3321,9.6495],[80.3579,9.6336],[80.4006,9.611],[80.4113,9.6026],[80.431,9.5855],[80.447,9.5748],[80.4529,9.5652],[80.4558,9.5553],[80.4548,9.5399],[80.4725,9.5212],[80.5535,9.481],[80.6011,9.4592],[80.6135,9.4566],[80.6216,9.4595]]],[[[79.8393,9.6116],[79.8428,9.6056],[79.8412,9.6016],[79.8501,9.5958],[79.8485,9.5944],[79.8351,9.5983],[79.8352,9.5925],[79.8253,9.5961],[79.8238,9.5995],[79.8201,9.6016],[79.821,9.6046],[79.821,9.6152],[79.8191,9.618],[79.8212,9.6216],[79.8207,9.6253],[79.8153,9.6216],[79.8142,9.6261],[79.8104,9.6249],[79.8085,9.6183],[79.8086,9.6058],[79.8051,9.6014],[79.8106,9.5987],[79.8067,9.5891],[79.8031,9.59],[79.8032,9.5775],[79.8097,9.575],[79.823,9.5716],[79.8285,9.5713],[79.843,9.5675],[79.8519,9.5671],[79.857,9.568],[79.86,9.5729],[79.8595,9.5808],[79.8621,9.5853],[79.8586,9.5928],[79.859,9.5957],[79.8642,9.6031],[79.8624,9.6069],[79.8519,9.6136],[79.8474,9.6179],[79.8436,9.6194],[79.8428,9.6127],[79.8393,9.6116]]],[[[79.7747,9.596],[79.7734,9.5975],[79.7734,9.6049],[79.7748,9.6126],[79.7748,9.6209],[79.7709,9.6221],[79.7634,9.6147],[79.7616,9.6068],[79.7635,9.598],[79.7633,9.5904],[79.7652,9.5878],[79.7739,9.5846],[79.7759,9.5931],[79.7747,9.596]]],[[[79.8581,9.6292],[79.8554,9.6349],[79.8518,9.6323],[79.8541,9.6234],[79.8603,9.6169],[79.8625,9.6216],[79.8613,9.6271],[79.8581,9.6292]]],[[[79.9824,9.6222],[79.9852,9.6307],[79.9807,9.6327],[79.9726,9.6317],[79.9632,9.6343],[79.9563,9.6382],[79.9464,9.6449],[79.9448,9.6471],[79.9364,9.6526],[79.9351,9.6547],[79.9273,9.6595],[79.9232,9.6611],[79.9303,9.6687],[79.9312,9.6776],[79.9298,9.6794],[79.921,9.6804],[79.9226,9.6771],[79.9064,9.6718],[79.9054,9.668],[79.9108,9.6662],[79.9101,9.6611],[79.9074,9.659],[79.9039,9.6619],[79.8964,9.6741],[79.8998,9.6801],[79.8994,9.684],[79.8934,9.6879],[79.8913,9.6952],[79.8856,9.6996],[79.8779,9.6939],[79.8725,9.6931],[79.8678,9.6962],[79.8637,9.703],[79.8602,9.7038],[79.8501,9.7007],[79.8402,9.7011],[79.8409,9.6979],[79.8484,9.6923],[79.8439,9.6854],[79.8468,9.6762],[79.8495,9.6731],[79.8571,9.6613],[79.8619,9.658],[79.8682,9.6586],[79.8715,9.6646],[79.8718,9.6683],[79.878,9.6664],[79.8733,9.6574],[79.8663,9.6566],[79.8642,9.6521],[79.8675,9.6467],[79.8688,9.6391],[79.8715,9.6365],[79.88,9.6335],[79.8846,9.6289],[79.8894,9.6263],[79.8951,9.6201],[79.9003,9.6163],[79.9052,9.616],[79.9081,9.6175],[79.9111,9.622],[79.9133,9.6292],[79.9162,9.6324],[79.9238,9.633],[79.9354,9.6307],[79.9489,9.6249],[79.955,9.6209],[79.9622,9.6142],[79.9748,9.6123],[79.9761,9.6164],[79.9813,9.6218],[79.9835,9.6208],[79.9851,9.6122],[79.9817,9.6127],[79.978,9.6054],[79.9664,9.6058],[79.9755,9.6],[79.9866,9.597],[79.9952,9.6019],[80.0007,9.6036],[80.0041,9.6112],[80.0024,9.6149],[80.003,9.6197],[80.0054,9.6221],[80.0084,9.6287],[80.0039,9.6426],[79.9976,9.647],[79.994,9.6453],[79.9888,9.6397],[79.99,9.6297],[79.9878,9.625],[79.9824,9.6222]]]]},"properties":{"zone":"02"}},
{"type":"Feature","geometry":{"type":"MultiPolygon","coordinates":[[[[79.9709,9.2903],[79.9741,9.2822],[79.9776,9.2801],[79.9841,9.2846],[79.9912,9.2841],[79.9962,9.2808],[79.9968,9.2759],[79.9998,9.2706],[80.0021,9.2714],[80.0068,9.2773],[80.0053,9.2868],[80.0013,9.2873],[79.998,9.29],[79.9962,9.2858],[79.9919,9.2883],[79.9927,9.2938],[79.9875,9.3021],[79.9882,9.3049],[79.984,9.3067],[79.9803,9.3],[79.9709,9.2933],[79.9709,9.2903]]],[[[80.0039,9.4804],[80.0104,9.4719],[80.0096,9.467],[80.0142,9.4672],[80.0149,9.4717],[80.0173,9.4746],[80.018,9.4792],[80.0143,9.4846],[80.0053,9.4846],[80.0039,9.4804]]],[[[80.0519,9.3382],[80.0532,9.3323],[80.0574,9.3297],[80.0607,9.3314],[80.0578,9.3349],[80.0594,9.3407],[80.0536,9.3447],[80.0519,9.3382]]],[[[80.255,9.6146],[80.2673,9.6082],[80.2857,9.5972],[80.2927,9.5937],[80.3077,9.5845],[80.3421,9.561],[80.3535,9.5513],[80.3526,9.5491],[80.372,9.5314],[80.383,9.5148],[80.3881,9.5142],[80.3902,9.5195],[80.3982,9.5203],[80.4058,9.5157],[80.4027,9.5129],[80.3934,9.5139],[80.3931,9.5114],[80.397,9.5039],[80.3927,9.4988],[80.3924,9.4916],[80.3895,9.484],[80.383,9.4829],[80.3787,9.4804],[80.3735,9.48],[80.368,9.4724],[80.3582,9.4687],[80.3486,9.4675],[80.3443,9.4723],[80.34,9.4734],[80.3363,9.4643],[80.3387,9.4607],[80.3325,9.4553],[80.3294,9.4552],[80.3219,9.4579],[80.3167,9.4618],[80.3119,9.4618],[80.3059,9.4579],[80.304,9.4542],[80.2968,9.4578],[80.2925,9.4574],[80.286,9.454],[80.2805,9.4549],[80.2635,9.4607],[80.2618,9.4629],[80.2538,9.4674],[80.2443,9.4674],[80.2358,9.4743],[80.2453,9.4769],[80.2525,9.4743],[80.2573,9.4712],[80.2653,9.4768],[80.2728,9.4758],[80.276,9.4777],[80.2628,9.483],[80.2553,9.4884],[80.2475,9.4977],[80.2485,9.5061],[80.2608,9.4972],[80.2642,9.4993],[80.2717,9.4972],[80.2797,9.4971],[80.2684,9.503],[80.2553,9.5115],[80.2406,9.5203],[80.2269,9.531],[80.2238,9.5346],[80.2206,9.5275],[80.2144,9.5294],[80.2062,9.5331],[80.1975,9.5383],[80.1928,9.546],[80.1871,9.545],[80.1796,9.5409],[80.1706,9.5437],[80.143,9.5592],[80.1262,9.5778],[80.1199,9.5778],[80.1207,9.5736],[80.1134,9.5751],[80.1136,9.5774],[80.1074,9.5829],[80.1076,9.5856],[80.103,9.5882],[80.0977,9.5882],[80.0923,9.5934],[80.0883,9.5936],[80.0732,9.5987],[80.0656,9.5999],[80.0617,9.6035],[80.0648,9.6082],[80.061,9.6116],[80.0593,9.6057],[80.052,9.5992],[80.0561,9.5966],[80.0695,9.5905],[80.0899,9.5789],[80.1035,9.569],[80.1153,9.5611],[80.1324,9.5477],[80.147,9.5353],[80.1631,9.5194],[80.1754,9.5039],[80.1822,9.494],[80.186,9.4856],[80.1848,9.4807],[80.1805,9.4714],[80.1757,9.4702],[80.17,9.4668],[80.1548,9.4453],[80.1451,9.4364],[80.1276,9.4269],[80.1257,9.4274],[80.1149,9.4191],[80.1086,9.4157],[80.0883,9.4083],[80.083,9.4046],[80.0811,9.4057],[80.0726,9.4026],[80.0679,9.3989],[80.0577,9.3943],[80.0536,9.3896],[80.0531,9.3796],[80.0562,9.3744],[80.0545,9.3724],[80.0545,9.3652],[80.0614,9.3588],[80.0622,9.3563],[80.06,9.3459],[80.0634,9.3425],[80.0612,9.337],[80.0634,9.3309],[80.0729,9.3256],[80.0833,9.3248],[80.0892,9.3256],[80.1142,9.3082],[80.1192,9.3032],[80.1228,9.2974],[80.1199,9.289],[80.1141,9.2851],[80.11,9.2757],[80.1112,9.2699],[80.1169,9.2648],[80.1199,9.2594],[80.1208,9.2538],[80.1163,9.2429],[80.1172,9.2358],[80.1204,9.2258],[80.117,9.2168],[80.1175,9.2119],[80.1154,9.2091],[80.1201,9.2117],[80.1443,9.2104],[80.1496,9.2113],[80.1556,9.2154],[80.1598,9.2169],[80.1733,9.2245],[80.1913,9.2365],[80.1925,9.2274],[80.1934,9.2056],[80.1942,9.1997],[80.1955,9.176],[80.2086,9.1567],[80.2171,9.1432],[80.2211,9.1242],[80.2257,9.1132],[80.2195,9.1039],[80.2161,9.0973],[80.2166,9.0786],[80.2197,9.0566],[80.2186,9.0537],[80.2061,9.0519],[80.1949,9.0459],[80.182,9.0107],[80.1762,8.9966],[80.1814,8.9926],[80.183,8.9892],[80.1877,8.9862],[80.1901,8.9794],[80.1877,8.9769],[80.1809,8.975],[80.1771,8.9713],[80.1768,8.9641],[80.178,8.955],[80.175,8.9503],[80.2495,8.9516],[80.2638,8.9532],[80.2735,8.9536],[80.2874,8.9551],[80.3197,8.9577],[80.3285,8.9596],[80.3398,8.9596],[80.3427,8.9574],[80.3497,8.9567],[80.3531,8.9522],[80.3577,8.9516],[80.3622,8.948],[80.3677,8.948],[80.375,8.9432],[80.3759,8.9384],[80.3802,8.9364],[80.3817,8.9314],[80.3827,8.9219],[80.387,8.9044],[80.4003,8.8764],[80.4018,8.8711],[80.4025,8.8569],[80.3939,8.8491],[80.3713,8.84],[80.3636,8.8385],[80.3572,8.8392],[80.3411,8.8326],[80.3268,8.8312],[80.3226,8.83],[80.3175,8.8306],[80.2974,8.8203],[80.264,8.824],[80.2353,8.8277],[80.2297,8.8279],[80.2185,8.8107],[80.2073,8.7891],[80.2012,8.7731],[80.1993,8.766],[80.1948,8.7667],[80.1797,8.7733],[80.1787,8.7723],[80.1747,8.76],[80.17,8.7522],[80.1722,8.7475],[80.1854,8.7415],[80.189,8.7355],[80.1928,8.7348],[80.1987,8.7272],[80.2019,8.7186],[80.2085,8.7123],[80.2131,8.7091],[80.2158,8.7022],[80.2212,8.7007],[80.2255,8.6903],[80.2316,8.6865],[80.2354,8.6804],[80.2364,8.6769],[80.2355,8.6715],[80.2377,8.6616],[80.2349,8.6592],[80.2334,8.6521],[80.2379,8.644],[80.2372,8.629],[80.2407,8.6289],[80.245,8.6232],[80.247,8.6183],[80.2533,8.615],[80.2577,8.6181],[80.2719,8.6134],[80.2755,8.6077],[80.2739,8.6006],[80.2776,8.5913],[80.2807,8.591],[80.2797,8.5846],[80.2847,8.5812],[80.2871,8.5717],[80.2855,8.5685],[80.2885,8.5606],[80.3075,8.5544],[80.3135,8.5507],[80.3265,8.5472],[80.3371,8.546],[80.3402,8.5477],[80.3403,8.5554],[80.3469,8.5673],[80.3525,8.5733],[80.3591,8.5759],[80.3631,8.5743],[80.3716,8.5761],[80.38,8.5838],[80.3813,8.5923],[80.3786,8.5967],[80.3827,8.6018],[80.3789,8.6125],[80.3819,8.6228],[80.3855,8.6231],[80.3976,8.6323],[80.4056,8.645],[80.4099,8.6586],[80.4162,8.6622],[80.4219,8.662],[80.4246,8.6691],[80.4242,8.674],[80.4277,8.6731],[80.4376,8.6816],[80.4444,8.6891],[80.45,8.6925],[80.4576,8.6905],[80.4606,8.6882],[80.469,8.6849],[80.4806,8.675],[80.4851,8.673],[80.487,8.6699],[80.4972,8.6663],[80.4985,8.6642],[80.5067,8.6584],[80.5135,8.6599],[80.5185,8.6586],[80.5217,8.6604],[80.5293,8.6719],[80.5345,8.6757],[80.5444,8.679],[80.548,8.6824],[80.5507,8.6881],[80.57,8.7004],[80.5698,8.7087],[80.5722,8.7148],[80.5757,8.7182],[80.5845,8.7201],[80.5893,8.7221],[80.5958,8.7317],[80.5985,8.7402],[80.6032,8.746],[80.6118,8.749],[80.6185,8.7526],[80.6219,8.7622],[80.6252,8.7692],[80.6348,8.7809],[80.6391,8.7837],[80.6465,8.7864],[80.6514,8.7904],[80.6531,8.7961],[80.6513,8.8034],[80.6372,8.8154],[80.6338,8.8208],[80.6303,8.833],[80.6238,8.839],[80.6108,8.84],[80.5972,8.8439],[80.5918,8.849],[80.5951,8.8639],[80.5954,8.8697],[80.6094,8.8697],[80.6159,8.8689],[80.621,8.8696],[80.6379,8.8692],[80.646,8.868],[80.6675,8.8714],[80.677,8.8761],[80.6879,8.8851],[80.6915,8.8889],[80.6971,8.8918],[80.7069,8.8952],[80.7151,8.8994],[80.726,8.898],[80.7403,8.9021],[80.753,8.9051],[80.7555,8.91],[80.7561,8.919],[80.7621,8.9361],[80.7658,8.937],[80.7713,8.9412],[80.7721,8.9447],[80.7755,8.9467],[80.782,8.9468],[80.7896,8.95],[80.7953,8.9487],[80.7996,8.9495],[80.8035,8.9522],[80.8085,8.9523],[80.8216,8.9552],[80.8276,8.9555],[80.8291,8.9584],[80.8334,8.9605],[80.8418,8.9602],[80.8496,8.9612],[80.8547,8.9586],[80.8599,8.9579],[80.8697,8.9595],[80.8692,8.9623],[80.8739,8.9649],[80.8742,8.9684],[80.8831,8.9692],[80.8871,8.9729],[80.8878,8.9785],[80.8896,8.9812],[80.8964,8.9815],[80.9001,8.9787],[80.9018,8.9849],[80.9061,8.9846],[80.9113,8.9862],[80.9172,8.9846],[80.9224,8.9899],[80.9269,8.9921],[80.9188,8.9921],[80.9195,8.9986],[80.924,9.0028],[80.9243,9.007],[80.9173,9.0121],[80.9161,9.006],[80.9122,9.004],[80.908,8.9984],[80.8943,9.0096],[80.8883,9.0133],[80.8766,9.0254],[80.8782,9.0316],[80.883,9.0326],[80.8871,9.0369],[80.892,9.0396],[80.8895,9.0435],[80.892,9.0474],[80.8966,9.0498],[80.9016,9.0485],[80.9144,9.0323],[80.9267,9.0216],[80.9305,9.0164],[80.9334,9.0089],[80.9489,8.9907],[80.9535,8.987],[80.9631,8.9909],[80.9623,8.994],[80.9446,9.0202],[80.9362,9.0348],[80.9176,9.0679],[80.9121,9.0801],[80.9072,9.0893],[80.9056,9.0902],[80.9008,9.0998],[80.8979,9.1039],[80.8831,9.128],[80.8805,9.1306],[80.8759,9.1401],[80.8682,9.1579],[80.8668,9.1596],[80.8596,9.1769],[80.8506,9.2055],[80.8446,9.231],[80.829,9.2555],[80.8193,9.2724],[80.816,9.2801],[80.8143,9.2871],[80.8103,9.2933],[80.7921,9.3124],[80.7825,9.3202],[80.7597,9.3354],[80.7451,9.3473],[80.714,9.3767],[80.7061,9.383],[80.6901,9.3994],[80.6822,9.4088],[80.6735,9.4169],[80.6713,9.4112],[80.6802,9.4033],[80.6923,9.3908],[80.7109,9.3728],[80.7169,9.3615],[80.7232,9.3556],[80.7217,9.3502],[80.7158,9.3542],[80.7124,9.3602],[80.7095,9.3695],[80.7001,9.3774],[80.6651,9.4045],[80.6631,9.4095],[80.67,9.4207],[80.6414,9.4428],[80.6216,9.4595],[80.6135,9.4566],[80.6011,9.4592],[80.5535,9.481],[80.4725,9.5212],[80.4548,9.5399],[80.4558,9.5553],[80.4529,9.5652],[80.447,9.5748],[80.431,9.5855],[80.4113,9.6026],[80.4006,9.611],[80.3579,9.6336],[80.3321,9.6495],[80.3078,9.6747],[80.2955,9.6913],[80.2887,9.6754],[80.2759,9.6525],[80.2638,9.6287],[80.257,9.617],[80.255,9.6146]]]]},"properties":{"zone":"03"}},
{"type":"Feature","geometry":{"type":"MultiPolygon","coordinates":[[[[79.6841,9.0784],[79.6862,9.076],[79.6938,9.0784],[79.7135,9.0769],[79.7293,9.0738],[79.7468,9.0682],[79.7739,9.057],[79.7942,9.0463],[79.8117,9.0351],[79.8275,9.0237],[79.8418,9.0122],[79.8612,8.9945],[79.8761,8.9773],[79.8817,8.969],[79.8872,8.9654],[79.8945,8.9622],[79.8963,8.9679],[79.907,8.9711],[79.9126,8.9755],[79.9201,8.9764],[79.9265,8.9755],[79.9279,8.978],[79.9265,8.9825],[79.9014,8.9959],[79.8827,9.0131],[79.8768,9.0201],[79.8717,9.0295],[79.8705,9.0374],[79.8813,9.0313],[79.8968,9.0256],[79.9135,9.0169],[79.9183,9.0103],[79.9262,9.0091],[79.9262,9.0123],[79.9216,9.0142],[79.9097,9.0239],[79.91,9.0254],[79.9032,9.0332],[79.9026,9.036],[79.8918,9.045],[79.8917,9.0478],[79.8621,9.0726],[79.8513,9.0786],[79.8412,9.0822],[79.8308,9.0852],[79.8109,9.0915],[79.7981,9.0963],[79.7791,9.1015],[79.7499,9.1064],[79.7313,9.1078],[79.7099,9.1048],[79.6987,9.1],[79.6943,9.0966],[79.6952,9.0935],[79.6898,9.0915],[79.691,9.0871],[79.6973,9.0849],[79.6969,9.081],[79.6912,9.08],[79.6877,9.0813],[79.6841,9.0784]]],[[[80.1154,9.2091],[80.1103,9.1974],[80.1074,9.2008],[80.1046,9.1936],[80.1067,9.1818],[80.1036,9.1777],[80.1012,9.1719],[80.1,9.1598],[80.0862,9.1429],[80.084,9.1363],[80.0795,9.1281],[80.0754,9.1246],[80.0788,9.1214],[80.0759,9.117],[80.0761,9.1119],[80.0747,9.1046],[80.0771,9.1014],[80.0737,9.0975],[80.0742,9.0936],[80.0692,9.0883],[80.072,9.0783],[80.0615,9.0572],[80.0577,9.0531],[80.0514,9.041],[80.051,9.0353],[80.0485,9.0298],[80.0437,9.0237],[80.0396,9.0209],[80.0378,9.0143],[80.0302,9.0166],[80.0193,9.0138],[80.0145,9.007],[80.0102,9.0076],[80.0059,9.0022],[79.9921,8.995],[79.9916,8.9901],[79.9871,8.9763],[79.9837,8.9735],[79.9765,8.9715],[79.9738,8.9729],[79.9553,8.9578],[79.9555,8.9553],[79.9475,8.9473],[79.9361,8.9456],[79.9317,8.9429],[79.9244,8.9455],[79.9206,8.9456],[79.9146,8.9384],[79.9199,8.9284],[79.9178,8.9271],[79.9282,8.9181],[79.9294,8.9128],[79.9287,8.9074],[79.9333,8.9084],[79.9327,8.9042],[79.9278,8.9023],[79.9299,8.89],[79.9294,8.8735],[79.9279,8.8711],[79.9265,8.8637],[79.9241,8.8569],[79.921,8.8441],[79.92,8.8353],[79.9155,8.8263],[79.9159,8.8196],[79.9144,8.8159],[79.9175,8.8083],[79.9174,8.8036],[79.9256,8.7943],[79.9347,8.7805],[79.939,8.7691],[79.939,8.7651],[79.9595,8.7267],[79.9582,8.7202],[79.9531,8.7163],[79.9503,8.7117],[79.9498,8.7073],[79.9514,8.693],[79.9498,8.6896],[79.9523,8.6798],[79.9495,8.6722],[79.9495,8.6659],[79.9441,8.6607],[79.9425,8.6469],[79.9465,8.6373],[79.9476,8.6322],[79.9409,8.6161],[79.9379,8.6153],[79.9321,8.6104],[79.9318,8.6079],[79.9266,8.6029],[79.9204,8.5939],[79.919,8.589],[79.9201,8.5773],[79.9197,8.559],[79.918,8.5519],[79.9158,8.5485],[79.9089,8.5482],[79.9013,8.5458],[79.8973,8.5415],[79.8847,8.5366],[79.8804,8.5362],[79.8728,8.5394],[79.8689,8.5297],[79.8684,8.5193],[79.8668,8.5169],[79.8678,8.5081],[79.8668,8.4999],[79.8651,8.4963],[79.8657,8.4845],[79.8651,8.4783],[79.8619,8.475],[79.8627,8.4641],[79.8645,8.4578],[79.8635,8.4514],[79.8615,8.4485],[79.8512,8.4413],[79.8473,8.4407],[79.8476,8.4366],[79.8432,8.4231],[79.8425,8.4177],[79.8441,8.4118],[79.8447,8.3992],[79.8462,8.3919],[79.845,8.3853],[79.8449,8.3644],[79.8452,8.3571],[79.8466,8.351],[79.8395,8.3464],[79.8371,8.3414],[79.8392,8.3342],[79.8368,8.3284],[79.8326,8.3253],[79.8339,8.3196],[79.8377,8.3115],[79.8316,8.3005],[79.8313,8.2921],[79.8223,8.2805],[79.8206,8.273],[79.8172,8.2676],[79.8131,8.254],[79.8104,8.2389],[79.8079,8.2366],[79.7895,8.2336],[79.791,8.231],[79.7992,8.2333],[79.8055,8.2283],[79.8045,8.2237],[79.7981,8.2216],[79.809,8.2163],[79.8167,8.2091],[79.8201,8.2029],[79.8222,8.1906],[79.8199,8.1774],[79.8175,8.1741],[79.8181,8.1699],[79.8206,8.1667],[79.8201,8.1623],[79.825,8.1607],[79.8342,8.1517],[79.8321,8.1448],[79.8356,8.1371],[79.8292,8.1274],[79.8208,8.1228],[79.8201,8.1123],[79.8172,8.1108],[79.8165,8.1036],[79.8129,8.0967],[79.8107,8.0961],[79.8029,8.0844],[79.8,8.0822],[79.7956,8.0861],[79.7916,8.0848],[79.7914,8.08],[79.7983,8.0771],[79.798,8.0722],[79.7913,8.0725],[79.7932,8.0661],[79.7967,8.0622],[79.8021,8.062],[79.81,8.0492],[79.8184,8.0426],[79.8255,8.0341],[79.8312,8.0249],[79.8357,8.0142],[79.8364,8.005],[79.8336,8.001],[79.8291,7.9976],[79.8193,7.9971],[79.821,7.9838],[79.8246,7.9801],[79.8241,7.9742],[79.8265,7.9703],[79.8244,7.9676],[79.822,7.9581],[79.8245,7.9269],[79.8194,7.94],[79.821,7.9433],[79.8196,7.9577],[79.8137,7.951],[79.8091,7.9526],[79.8148,7.9594],[79.817,7.9652],[79.8199,7.9647],[79.8227,7.9706],[79.8218,7.9787],[79.8183,7.979],[79.8153,7.9764],[79.811,7.9773],[79.7842,7.9794],[79.7695,7.9831],[79.7572,7.9876],[79.7501,7.9911],[79.7454,7.9956],[79.7434,8.0013],[79.7367,8.0139],[79.7384,8.0209],[79.7451,8.0356],[79.7423,8.0453],[79.7418,8.0526],[79.7457,8.0578],[79.7542,8.0645],[79.7444,8.0679],[79.7374,8.0727],[79.7382,8.0757],[79.7353,8.0785],[79.732,8.0849],[79.7326,8.0907],[79.7353,8.1038],[79.7369,8.108],[79.7362,8.1128],[79.7321,8.1186],[79.7271,8.1229],[79.7294,8.1289],[79.7288,8.1376],[79.7339,8.1441],[79.7394,8.1441],[79.739,8.1481],[79.7412,8.1518],[79.7407,8.1588],[79.7465,8.1667],[79.7442,8.17],[79.7434,8.1762],[79.7489,8.1837],[79.7477,8.1887],[79.7399,8.1944],[79.7378,8.2012],[79.7419,8.2077],[79.7451,8.2104],[79.7459,8.2137],[79.7507,8.2196],[79.7571,8.2246],[79.7606,8.2225],[79.7638,8.2161],[79.7691,8.2172],[79.7703,8.2212],[79.7704,8.2283],[79.7671,8.2346],[79.7658,8.2415],[79.7725,8.2493],[79.7778,8.2593],[79.7768,8.2614],[79.7697,8.2625],[79.7638,8.2594],[79.7645,8.2559],[79.7581,8.2511],[79.7554,8.2465],[79.7509,8.2436],[79.7401,8.2307],[79.7343,8.2279],[79.7393,8.2503],[79.7469,8.2515],[79.7509,8.2486],[79.758,8.2599],[79.7606,8.2617],[79.7601,8.2663],[79.7639,8.2681],[79.7616,8.2731],[79.7551,8.2634],[79.7511,8.2665],[79.7544,8.2693],[79.7587,8.2765],[79.7538,8.2815],[79.7554,8.2839],[79.7542,8.2901],[79.758,8.2933],[79.7647,8.3029],[79.7588,8.3034],[79.7614,8.3109],[79.7663,8.3161],[79.765,8.319],[79.7667,8.3246],[79.7724,8.3293],[79.772,8.3319],[79.7773,8.3451],[79.7775,8.3506],[79.7793,8.3558],[79.7855,8.3684],[79.7855,8.3703],[79.7769,8.3789],[79.7728,8.3684],[79.7729,8.3504],[79.771,8.3429],[79.7668,8.3342],[79.7644,8.3254],[79.7624,8.3231],[79.7602,8.3082],[79.7556,8.2988],[79.7461,8.2824],[79.7403,8.2625],[79.7379,8.2465],[79.7349,8.2355],[79.7294,8.2274],[79.7252,8.2276],[79.7157,8.2187],[79.7088,8.2172],[79.7055,8.2196],[79.6981,8.2162],[79.6927,8.2107],[79.6972,8.1836],[79.7034,8.1705],[79.7031,8.1609],[79.7043,8.1591],[79.7061,8.147],[79.7048,8.139],[79.7042,8.1198],[79.7017,8.1149],[79.7022,8.1113],[79.7057,8.1015],[79.7075,8.0944],[79.7075,8.078],[79.706,8.0632],[79.7061,8.057],[79.7217,8.0097],[79.736,7.9598],[79.7389,7.9535],[79.7451,7.9341],[79.7494,7.9149],[79.7664,7.843],[79.7751,7.8121],[79.7777,7.8042],[79.7844,7.7752],[79.7897,7.7442],[79.7945,7.7195],[79.7983,7.6954],[79.7996,7.6819],[79.7993,7.6664],[79.8007,7.64],[79.7997,7.623],[79.7973,7.6127],[79.7925,7.6083],[79.7861,7.6064],[79.7863,7.5927],[79.7893,7.5389],[79.7975,7.4932],[79.7969,7.4922],[79.8005,7.4766],[79.8022,7.4664],[79.8097,7.436],[79.8195,7.3993],[79.8223,7.3802],[79.8274,7.3542],[79.8318,7.3297],[79.8379,7.3019],[79.8386,7.294],[79.8403,7.2877],[79.8403,7.2804],[79.842,7.2734],[79.8502,7.2721],[79.8565,7.2756],[79.8587,7.2703],[79.8663,7.2709],[79.8698,7.2754],[79.8701,7.2795],[79.8739,7.2827],[79.8805,7.2807],[79.8848,7.2739],[79.889,7.2736],[79.8979,7.2748],[79.9008,7.281],[79.9029,7.2747],[79.9088,7.2734],[79.9053,7.2677],[79.9079,7.2653],[79.9153,7.2687],[79.9166,7.272],[79.915,7.2769],[79.925,7.2769],[79.9245,7.272],[79.9284,7.2731],[79.9233,7.2835],[79.9283,7.2829],[79.9316,7.279],[79.9356,7.2786],[79.9381,7.2807],[79.9416,7.2765],[79.9424,7.281],[79.9402,7.3106],[79.94,7.3274],[79.9375,7.3493],[79.9107,7.4771],[79.9053,7.5058],[79.9005,7.5597],[79.9025,7.5809],[79.9072,7.5907],[79.909,7.5978],[79.9068,7.6073],[79.9057,7.6166],[79.9105,7.6262],[79.9175,7.6293],[79.9214,7.6337],[79.9229,7.6453],[79.93,7.647],[79.9338,7.6507],[79.9316,7.653],[79.9239,7.6556],[79.925,7.6594],[79.9291,7.6617],[79.9306,7.6655],[79.9287,7.6746],[79.9354,7.6809],[79.9394,7.6775],[79.943,7.6773],[79.9474,7.682],[79.9482,7.676],[79.9583,7.673],[79.9604,7.679],[79.96,7.6835],[79.9633,7.6868],[79.9522,7.6946],[79.9429,7.6933],[79.9409,7.6965],[79.9457,7.7008],[79.954,7.702],[79.9527,7.7091],[79.9535,7.7167],[79.9553,7.72],[79.9616,7.7179],[79.9757,7.7239],[79.9776,7.732],[79.9872,7.7391],[79.9952,7.7431],[79.9987,7.7431],[80.0012,7.7491],[79.9934,7.7584],[79.9936,7.7631],[79.9956,7.7696],[79.9995,7.7725],[80.0023,7.7786],[79.9944,7.7929],[79.9975,7.8069],[79.9973,7.8099],[80.0016,7.8139],[80.0098,7.8144],[80.0114,7.8169],[80.0053,7.8267],[80.0062,7.8313],[80.0096,7.8338],[80.0155,7.8343],[80.0206,7.8388],[80.0237,7.8389],[80.0274,7.8417],[80.034,7.8416],[80.038,7.845],[80.0394,7.8551],[80.0413,7.8582],[80.0382,7.8605],[80.0421,7.8655],[80.0493,7.8673],[80.0516,7.8718],[80.0555,7.8739],[80.0631,7.872],[80.067,7.8747],[80.0658,7.8782],[80.0674,7.8833],[80.0666,7.8876],[80.0721,7.89],[80.0742,7.8926],[80.0742,7.9084],[80.0722,7.9131],[80.0755,7.9158],[80.0895,7.9185],[80.0967,7.914],[80.0999,7.9168],[80.1011,7.9242],[80.1081,7.9284],[80.1086,7.9363],[80.1067,7.9407],[80.1091,7.9482],[80.1144,7.9507],[80.1222,7.9471],[80.1282,7.9417],[80.1326,7.9348],[80.1372,7.938],[80.1423,7.9374],[80.1484,7.9417],[80.1384,7.9579],[80.134,7.9602],[80.1339,7.9701],[80.1362,7.9752],[80.1495,7.9974],[80.1446,8.0035],[80.1437,8.0063],[80.1486,8.0183],[80.1458,8.0345],[80.1471,8.048],[80.1494,8.0554],[80.1523,8.061],[80.1533,8.0662],[80.1498,8.0707],[80.1435,8.0749],[80.1285,8.0789],[80.1186,8.0933],[80.1153,8.096],[80.1144,8.1163],[80.1101,8.1315],[80.1098,8.1418],[80.1067,8.1521],[80.1019,8.1589],[80.1002,8.1671],[80.1058,8.1893],[80.1028,8.1923],[80.1019,8.1973],[80.0982,8.2022],[80.0967,8.2095],[80.0865,8.2107],[80.0795,8.2236],[80.067,8.2195],[80.0619,8.2198],[80.0531,8.2247],[80.0457,8.2306],[80.0432,8.234],[80.0378,8.2379],[80.0323,8.234],[80.0276,8.227],[80.0178,8.2248],[80.0083,8.2297],[80.0001,8.2285],[79.9995,8.2384],[79.9957,8.2542],[79.9888,8.2669],[79.9819,8.2773],[79.9841,8.2843],[79.9804,8.3008],[79.9781,8.3029],[79.9817,8.3076],[79.9807,8.3127],[79.9757,8.3265],[79.9748,8.3371],[79.967,8.3503],[79.9646,8.3517],[79.9528,8.3694],[79.9523,8.3751],[79.955,8.3835],[79.9562,8.3943],[79.9618,8.398],[79.9681,8.3988],[79.9771,8.3975],[79.9811,8.4021],[79.9853,8.4121],[79.9905,8.4139],[79.992,8.4175],[79.9901,8.4232],[79.9963,8.4266],[80.0006,8.4339],[80.006,8.4342],[80.007,8.4381],[80.0152,8.4407],[80.0173,8.4446],[80.0203,8.4459],[80.0215,8.4516],[80.0319,8.4653],[80.0428,8.4934],[80.0428,8.5],[80.033,8.5234],[80.0397,8.5236],[80.0433,8.5222],[80.048,8.5232],[80.0502,8.5262],[80.0507,8.5355],[80.0504,8.5494],[80.0514,8.5568],[80.0522,8.5776],[80.0514,8.5877],[80.0527,8.6057],[80.0539,8.6102],[80.0549,8.6238],[80.0553,8.637],[80.05,8.6549],[80.045,8.6696],[80.054,8.6686],[80.062,8.6641],[80.0636,8.6608],[80.0725,8.659],[80.0801,8.6536],[80.0866,8.6562],[80.0951,8.6524],[80.1005,8.6537],[80.1049,8.6506],[80.1104,8.6509],[80.1138,8.6494],[80.127,8.6522],[80.1526,8.659],[80.1618,8.6608],[80.2094,8.6736],[80.2296,8.6785],[80.2354,8.6804],[80.2316,8.6865],[80.2255,8.6903],[80.2212,8.7007],[80.2158,8.7022],[80.2131,8.7091],[80.2085,8.7123],[80.2019,8.7186],[80.1987,8.7272],[80.1928,8.7348],[80.189,8.7355],[80.1854,8.7415],[80.1722,8.7475],[80.17,8.7522],[80.1747,8.76],[80.1787,8.7723],[80.1797,8.7733],[80.1948,8.7667],[80.1993,8.766],[80.2012,8.7731],[80.2073,8.7891],[80.2185,8.8107],[80.2297,8.8279],[80.2353,8.8277],[80.264,8.824],[80.2974,8.8203],[80.3175,8.8306],[80.3226,8.83],[80.3268,8.8312],[80.3411,8.8326],[80.3572,8.8392],[80.3636,8.8385],[80.3713,8.84],[80.3939,8.8491],[80.4025,8.8569],[80.4018,8.8711],[80.4003,8.8764],[80.387,8.9044],[80.3827,8.9219],[80.3817,8.9314],[80.3802,8.9364],[80.3759,8.9384],[80.375,8.9432],[80.3677,8.948],[80.3622,8.948],[80.3577,8.9516],[80.3531,8.9522],[80.3497,8.9567],[80.3427,8.9574],[80.3398,8.9596],[80.3285,8.9596],[80.3197,8.9577],[80.2874,8.9551],[80.2735,8.9536],[80.2638,8.9532],[80.2495,8.9516],[80.175,8.9503],[80.178,8.955],[80.1768,8.9641],[80.1771,8.9713],[80.1809,8.975],[80.1877,8.9769],[80.1901,8.9794],[80.1877,8.9862],[80.183,8.9892],[80.1814,8.9926],[80.1762,8.9966],[80.182,9.0107],[80.1949,9.0459],[80.2061,9.0519],[80.2186,9.0537],[80.2197,9.0566],[80.2166,9.0786],[80.2161,9.0973],[80.2195,9.1039],[80.2257,9.1132],[80.2211,9.1242],[80.2171,9.1432],[80.2086,9.1567],[80.1955,9.176],[80.1942,9.1997],[80.1934,9.2056],[80.1925,9.2274],[80.1913,9.2365],[80.1733,9.2245],[80.1598,9.2169],[80.1556,9.2154],[80.1496,9.2113],[80.1443,9.2104],[80.1201,9.2117],[80.1154,9.2091]]],[[[79.7724,8.2765],[79.7746,8.2696],[79.7775,8.2643],[79.7817,8.2616],[79.7834,8.2682],[79.7756,8.2779],[79.7724,8.2765]]],[[[79.7773,8.5019],[79.7816,8.4993],[79.7839,8.5026],[79.7831,8.5068],[79.7862,8.51],[79.7865,8.52],[79.7816,8.5118],[79.7805,8.507],[79.7773,8.5019]]],[[[79.8009,8.3407],[79.8029,8.3315],[79.8067,8.3244],[79.8108,8.3288],[79.8108,8.3319],[79.8072,8.3334],[79.8009,8.3407]]],[[[79.8913,8.9557],[79.8931,8.9529],[79.9023,8.9468],[79.9073,8.9545],[79.9079,8.9586],[79.9027,8.9617],[79.8959,8.9602],[79.8913,8.9557]]],[[[79.9029,8.9424],[79.9062,8.939],[79.9138,8.9418],[79.9138,8.9442],[79.9183,8.9548],[79.9131,8.9569],[79.9108,8.9557],[79.9029,8.9424]]]]},"properties":{"zone":"04"}},
{"type":"Feature","geometry":{"type":"Polygon","coordinates":[[[80.2354,8.6804],[80.2296,8.6785],[80.2094,8.6736],[80.1618,8.6608],[80.1526,8.659],[80.127,8.6522],[80.1138,8.6494],[80.1104,8.6509],[80.1049,8.6506],[80.1005,8.6537],[80.0951,8.6524],[80.0866,8.6562],[80.0801,8.6536],[80.0725,8.659],[80.0636,8.6608],[80.062,8.6641],[80.054,8.6686],[80.045,8.6696],[80.05,8.6549],[80.0553,8.637],[80.0549,8.6238],[80.0539,8.6102],[80.0527,8.6057],[80.0514,8.5877],[80.0522,8.5776],[80.0514,8.5568],[80.0504,8.5494],[80.0507,8.5355],[80.0502,8.5262],[80.048,8.5232],[80.0433,8.5222],[80.0397,8.5236],[80.033,8.5234],[80.0428,8.5],[80.0428,8.4934],[80.0319,8.4653],[80.0215,8.4516],[80.0203,8.4459],[80.0173,8.4446],[80.0152,8.4407],[80.007,8.4381],[80.006,8.4342],[80.0006,8.4339],[79.9963,8.4266],[79.9901,8.4232],[79.992,8.4175],[79.9905,8.4139],[79.9853,8.4121],[79.9811,8.4021],[79.9771,8.3975],[79.9681,8.3988],[79.9618,8.398],[79.9562,8.3943],[79.955,8.3835],[79.9523,8.3751],[79.9528,8.3694],[79.9646,8.3517],[79.967,8.3503],[79.9748,8.3371],[79.9757,8.3265],[79.9807,8.3127],[79.9817,8.3076],[79.9781,8.3029],[79.9804,8.3008],[79.9841,8.2843],[79.9819,8.2773],[79.9888,8.2669],[79.9957,8.2542],[79.9995,8.2384],[80.0001,8.2285],[80.0083,8.2297],[80.0178,8.2248],[80.0276,8.227],[80.0323,8.234],[80.0378,8.2379],[80.0432,8.234],[80.0457,8.2306],[80.0531,8.2247],[80.0619,8.2198],[80.067,8.2195],[80.0795,8.2236],[80.0865,8.2107],[80.0967,8.2095],[80.0982,8.2022],[80.1019,8.1973],[80.1077,8.1959],[80.1086,8.191],[80.1118,8.1873],[80.1169,8.1866],[80.123,8.1813],[80.1343,8.1793],[80.1377,8.1766],[80.1509,8.1756],[80.1596,8.1678],[80.1655,8.1641],[80.1727,8.1628],[80.1787,8.1636],[80.1859,8.1599],[80.1851,8.1541],[80.1882,8.1515],[80.1919,8.1531],[80.1953,8.152],[80.2009,8.1542],[80.2071,8.1535],[80.2107,8.1496],[80.2119,8.1456],[80.2151,8.1436],[80.2233,8.1425],[80.2326,8.1401],[80.2429,8.1352],[80.2524,8.1326],[80.2608,8.1241],[80.2631,8.1178],[80.2664,8.1154],[80.2744,8.1172],[80.2806,8.1159],[80.2854,8.1186],[80.2886,8.1173],[80.294,8.1186],[80.2986,8.1159],[80.3033,8.1156],[80.3081,8.1171],[80.314,8.1131],[80.3165,8.1128],[80.3219,8.1029],[80.3241,8.0971],[80.3325,8.0895],[80.337,8.0888],[80.3392,8.0849],[80.344,8.081],[80.349,8.081],[80.3554,8.0741],[80.3583,8.069],[80.3636,8.0671],[80.37,8.0578],[80.377,8.0561],[80.3804,8.0565],[80.3838,8.0526],[80.3924,8.048],[80.3962,8.0532],[80.4054,8.0547],[80.4135,8.0485],[80.4198,8.0412],[80.4196,8.0296],[80.4181,8.0125],[80.4154,8.0072],[80.4192,7.9999],[80.4222,7.9921],[80.4241,7.9824],[80.4228,7.9762],[80.425,7.97],[80.426,7.9629],[80.4247,7.96],[80.4186,7.9547],[80.4193,7.9524],[80.4314,7.948],[80.4346,7.9482],[80.4385,7.9522],[80.4454,7.9552],[80.4499,7.9544],[80.4572,7.9463],[80.4611,7.9453],[80.4612,7.931],[80.4625,7.927],[80.4627,7.9178],[80.4659,7.9047],[80.4686,7.8996],[80.4744,7.8958],[80.4748,7.8914],[80.4795,7.8815],[80.4798,7.8773],[80.4766,7.8664],[80.4743,7.8544],[80.4691,7.85],[80.4764,7.8443],[80.479,7.841],[80.4798,7.8312],[80.4835,7.8288],[80.4834,7.824],[80.4932,7.8185],[80.4998,7.8164],[80.5011,7.8199],[80.4999,7.8261],[80.5078,7.8282],[80.5224,7.8269],[80.5264,7.8281],[80.5445,7.8392],[80.556,7.8442],[80.5602,7.8475],[80.5652,7.8489],[80.5691,7.855],[80.5697,7.861],[80.5734,7.8667],[80.5767,7.8685],[80.5831,7.868],[80.5913,7.8662],[80.5931,7.8581],[80.6007,7.8558],[80.6074,7.8606],[80.6095,7.8637],[80.6152,7.8682],[80.6221,7.8683],[80.6222,7.8803],[80.6234,7.8831],[80.6306,7.8859],[80.6382,7.8873],[80.6379,7.8939],[80.6352,7.8942],[80.6324,7.9002],[80.6376,7.906],[80.6426,7.9096],[80.6537,7.9147],[80.6552,7.9244],[80.654,7.9336],[80.654,7.9419],[80.6529,7.9467],[80.6565,7.9483],[80.6587,7.9601],[80.6694,7.9632],[80.6816,7.9567],[80.6829,7.9571],[80.6961,7.978],[80.7059,7.9918],[80.7137,7.9919],[80.7191,7.9973],[80.7254,8.0016],[80.7334,8.003],[80.7383,8.0054],[80.7447,8.0064],[80.7504,8.0113],[80.7561,8.0123],[80.7598,8.0074],[80.7645,8.0038],[80.7744,7.9985],[80.7798,7.9941],[80.7777,7.9817],[80.7775,7.9755],[80.7789,7.9675],[80.7853,7.9649],[80.7886,7.9621],[80.7977,7.9605],[80.7997,7.9629],[80.7999,7.9688],[80.7986,7.9759],[80.8066,7.9804],[80.8148,7.9835],[80.8199,7.9815],[80.8206,7.9775],[80.8264,7.971],[80.84,7.9722],[80.8526,7.9642],[80.8522,7.9616],[80.8475,7.9609],[80.8361,7.9563],[80.8324,7.9519],[80.8319,7.9454],[80.8293,7.939],[80.8217,7.9288],[80.8193,7.9236],[80.82,7.9158],[80.8184,7.9041],[80.8134,7.8869],[80.8135,7.8813],[80.8121,7.8766],[80.8118,7.8689],[80.8099,7.8618],[80.8112,7.8583],[80.811,7.852],[80.8085,7.8495],[80.8063,7.8403],[80.805,7.8293],[80.8024,7.822],[80.7935,7.8173],[80.7954,7.8095],[80.7956,7.8049],[80.7857,7.8001],[80.7844,7.8041],[80.7816,7.8056],[80.7764,7.8022],[80.7688,7.8023],[80.7612,7.7922],[80.7659,7.7868],[80.7638,7.7789],[80.7638,7.7632],[80.7628,7.7501],[80.763,7.7403],[80.7644,7.7308],[80.7697,7.715],[80.7738,7.7084],[80.7743,7.6986],[80.7712,7.6913],[80.7679,7.6913],[80.7708,7.6838],[80.7738,7.684],[80.7788,7.6779],[80.7845,7.6796],[80.8048,7.6796],[80.8093,7.6717],[80.8165,7.6756],[80.8209,7.6799],[80.8253,7.6787],[80.828,7.6801],[80.8369,7.6813],[80.84,7.6846],[80.8419,7.6923],[80.8464,7.6932],[80.8491,7.6988],[80.8531,7.7011],[80.8549,7.6969],[80.8526,7.6946],[80.8555,7.6909],[80.8609,7.6878],[80.8703,7.6895],[80.8714,7.6849],[80.8777,7.681],[80.8794,7.692],[80.8819,7.698],[80.8822,7.7073],[80.8836,7.7151],[80.8901,7.7145],[80.8951,7.7157],[80.9065,7.7159],[80.912,7.7125],[80.9168,7.7119],[80.922,7.7083],[80.9279,7.7083],[80.9391,7.7108],[80.9426,7.7136],[80.9488,7.7128],[80.9644,7.7166],[80.972,7.7172],[80.9803,7.7161],[80.9853,7.7202],[80.9868,7.7209],[80.9891,7.7217],[80.9965,7.7211],[81.0092,7.7183],[81.0123,7.7184],[81.0152,7.7196],[81.0167,7.7204],[81.0257,7.7229],[81.0352,7.7202],[81.0493,7.7189],[81.0507,7.7195],[81.0536,7.7213],[81.0566,7.7227],[81.0594,7.7246],[81.0634,7.7277],[81.0687,7.7308],[81.0817,7.7277],[81.0833,7.7276],[81.0879,7.7264],[81.0944,7.7252],[81.0957,7.7245],[81.0967,7.7233],[81.0984,7.7206],[81.1041,7.7108],[81.1069,7.7052],[81.1078,7.7039],[81.1088,7.7025],[81.1106,7.6977],[81.1154,7.6916],[81.1195,7.6888],[81.1333,7.6823],[81.141,7.6778],[81.1471,7.6758],[81.1519,7.6796],[81.1838,7.6673],[81.1979,7.6611],[81.214,7.647],[81.2179,7.6481],[81.2208,7.6537],[81.2196,7.6598],[81.2226,7.6721],[81.2298,7.6765],[81.2383,7.678],[81.2394,7.6798],[81.2365,7.6879],[81.2404,7.6951],[81.2382,7.701],[81.2379,7.7074],[81.2396,7.7114],[81.2382,7.7152],[81.2347,7.7178],[81.2338,7.7241],[81.237,7.7296],[81.2379,7.7337],[81.2409,7.7367],[81.2409,7.7408],[81.2377,7.7463],[81.236,7.7568],[81.2375,7.7605],[81.2349,7.7664],[81.2307,7.771],[81.2274,7.7789],[81.2271,7.7831],[81.23,7.793],[81.2296,7.8014],[81.2275,7.805],[81.2265,7.8152],[81.225,7.8235],[81.227,7.8271],[81.2293,7.8372],[81.2321,7.8416],[81.2331,7.8521],[81.2315,7.8613],[81.228,7.8646],[81.2286,7.8749],[81.2329,7.8836],[81.237,7.8887],[81.2359,7.8949],[81.2385,7.9026],[81.2374,7.9076],[81.2369,7.9198],[81.239,7.9228],[81.2451,7.9277],[81.2531,7.9363],[81.2628,7.94],[81.2658,7.9375],[81.2747,7.9368],[81.2769,7.9397],[81.283,7.9422],[81.2893,7.9466],[81.2991,7.9453],[81.3057,7.9383],[81.3118,7.9378],[81.3151,7.9401],[81.319,7.9397],[81.3243,7.9357],[81.3282,7.9351],[81.335,7.938],[81.34,7.9374],[81.339,7.9454],[81.3401,7.9567],[81.3344,7.9658],[81.33,7.976],[81.3198,7.997],[81.3161,8.0083],[81.3131,8.0153],[81.3087,8.0227],[81.3064,8.0291],[81.3075,8.0508],[81.3073,8.0582],[81.3084,8.0705],[81.3078,8.095],[81.309,8.1148],[81.3102,8.1482],[81.3123,8.1801],[81.3124,8.1932],[81.3134,8.2131],[81.3142,8.2397],[81.3116,8.252],[81.2982,8.255],[81.2881,8.2611],[81.2859,8.2571],[81.2812,8.2563],[81.28,8.2498],[81.2734,8.2474],[81.2734,8.2426],[81.2693,8.2393],[81.2634,8.2312],[81.2575,8.231],[81.2578,8.226],[81.2498,8.2244],[81.2521,8.2164],[81.2514,8.21],[81.2487,8.2041],[81.2448,8.201],[81.2431,8.1964],[81.2383,8.1959],[81.2373,8.1909],[81.2397,8.1845],[81.2429,8.1791],[81.2369,8.1785],[81.2345,8.1741],[81.233,8.164],[81.2342,8.161],[81.2315,8.1553],[81.2291,8.1576],[81.222,8.1539],[81.219,8.1552],[81.2132,8.1527],[81.208,8.1488],[81.1919,8.1525],[81.1989,8.1611],[81.2033,8.1608],[81.2069,8.163],[81.21,8.1693],[81.2104,8.1728],[81.2134,8.1795],[81.2106,8.1833],[81.2045,8.184],[81.2041,8.1925],[81.2015,8.1971],[81.2054,8.2085],[81.2062,8.2156],[81.2037,8.2218],[81.2034,8.2284],[81.1978,8.2322],[81.1886,8.2277],[81.1788,8.2298],[81.1727,8.2353],[81.1662,8.2346],[81.159,8.2395],[81.1493,8.2516],[81.1409,8.2603],[81.1347,8.2596],[81.1324,8.2621],[81.1241,8.263],[81.1185,8.259],[81.1108,8.2599],[81.1073,8.2562],[81.104,8.2564],[81.0984,8.2604],[81.0931,8.2608],[81.0843,8.2658],[81.0776,8.2716],[81.0673,8.2707],[81.0603,8.2714],[81.0553,8.273],[81.0501,8.2722],[81.0462,8.2758],[81.0346,8.2788],[81.026,8.2769],[81.0174,8.279],[80.999,8.2727],[80.9888,8.2731],[80.987,8.2777],[80.9818,8.3095],[80.9801,8.3125],[80.9674,8.3179],[80.9652,8.3219],[80.959,8.3246],[80.9509,8.3241],[80.9408,8.3425],[80.9308,8.3451],[80.9242,8.3369],[80.9241,8.3416],[80.9265,8.3474],[80.9292,8.358],[80.9266,8.3653],[80.9264,8.3695],[80.9284,8.3764],[80.9313,8.381],[80.9332,8.3896],[80.9385,8.3931],[80.941,8.397],[80.9439,8.4064],[80.946,8.4181],[80.9525,8.4331],[80.9538,8.4392],[80.9586,8.4455],[80.9629,8.4538],[80.9726,8.4601],[80.9713,8.4682],[80.9756,8.4691],[80.9796,8.4672],[80.989,8.471],[80.9909,8.4748],[80.9903,8.4779],[80.9863,8.4847],[80.9765,8.4851],[80.967,8.4847],[80.9629,8.486],[80.9651,8.4925],[80.964,8.4973],[80.9617,8.4997],[80.9563,8.5007],[80.9514,8.5033],[80.9473,8.5075],[80.9448,8.5243],[80.9469,8.5317],[80.9454,8.5482],[80.9434,8.5529],[80.9344,8.5639],[80.9249,8.5766],[80.9185,8.583],[80.9157,8.5885],[80.9147,8.5984],[80.9162,8.6042],[80.9082,8.6114],[80.8947,8.6192],[80.8938,8.6228],[80.8961,8.6258],[80.8971,8.6315],[80.8917,8.6367],[80.8938,8.6452],[80.897,8.6501],[80.9,8.6625],[80.9095,8.6676],[80.9137,8.6734],[80.9124,8.6755],[80.9134,8.681],[80.9116,8.6892],[80.9039,8.7011],[80.8997,8.7112],[80.8936,8.7174],[80.8914,8.7225],[80.8916,8.73],[80.8933,8.7322],[80.891,8.7426],[80.885,8.7468],[80.8822,8.7469],[80.8788,8.7527],[80.8796,8.7685],[80.8819,8.7729],[80.8828,8.7877],[80.8884,8.7955],[80.8924,8.7994],[80.8929,8.8041],[80.896,8.8097],[80.8992,8.8119],[80.901,8.8164],[80.9044,8.8177],[80.9066,8.8212],[80.9101,8.823],[80.9125,8.8279],[80.9115,8.8364],[80.9019,8.8441],[80.8972,8.8527],[80.8911,8.8575],[80.8873,8.8694],[80.8826,8.8721],[80.8679,8.8839],[80.8535,8.887],[80.8407,8.8949],[80.8329,8.9031],[80.826,8.9056],[80.822,8.9093],[80.8106,8.9159],[80.7898,8.9195],[80.783,8.9202],[80.781,8.9167],[80.753,8.9051],[80.7403,8.9021],[80.726,8.898],[80.7151,8.8994],[80.7069,8.8952],[80.6971,8.8918],[80.6915,8.8889],[80.6879,8.8851],[80.677,8.8761],[80.6675,8.8714],[80.646,8.868],[80.6379,8.8692],[80.621,8.8696],[80.6159,8.8689],[80.6094,8.8697],[80.5954,8.8697],[80.5951,8.8639],[80.5918,8.849],[80.5972,8.8439],[80.6108,8.84],[80.6238,8.839],[80.6303,8.833],[80.6338,8.8208],[80.6372,8.8154],[80.6513,8.8034],[80.6531,8.7961],[80.6514,8.7904],[80.6465,8.7864],[80.6391,8.7837],[80.6348,8.7809],[80.6252,8.7692],[80.6219,8.7622],[80.6185,8.7526],[80.6118,8.749],[80.6032,8.746],[80.5985,8.7402],[80.5958,8.7317],[80.5893,8.7221],[80.5845,8.7201],[80.5757,8.7182],[80.5722,8.7148],[80.5698,8.7087],[80.57,8.7004],[80.5507,8.6881],[80.548,8.6824],[80.5444,8.679],[80.5345,8.6757],[80.5293,8.6719],[80.5217,8.6604],[80.5185,8.6586],[80.5135,8.6599],[80.5067,8.6584],[80.4985,8.6642],[80.4972,8.6663],[80.487,8.6699],[80.4851,8.673],[80.4806,8.675],[80.469,8.6849],[80.4606,8.6882],[80.4576,8.6905],[80.45,8.6925],[80.4444,8.6891],[80.4376,8.6816],[80.4277,8.6731],[80.4242,8.674],[80.4246,8.6691],[80.4219,8.662],[80.4162,8.6622],[80.4099,8.6586],[80.4056,8.645],[80.3976,8.6323],[80.3855,8.6231],[80.3819,8.6228],[80.3789,8.6125],[80.3827,8.6018],[80.3786,8.5967],[80.3813,8.5923],[80.38,8.5838],[80.3716,8.5761],[80.3631,8.5743],[80.3591,8.5759],[80.3525,8.5733],[80.3469,8.5673],[80.3403,8.5554],[80.3402,8.5477],[80.3371,8.546],[80.3265,8.5472],[80.3135,8.5507],[80.3075,8.5544],[80.2885,8.5606],[80.2855,8.5685],[80.2871,8.5717],[80.2847,8.5812],[80.2797,8.5846],[80.2807,8.591],[80.2776,8.5913],[80.2739,8.6006],[80.2755,8.6077],[80.2719,8.6134],[80.2577,8.6181],[80.2533,8.615],[80.247,8.6183],[80.245,8.6232],[80.2407,8.6289],[80.2372,8.629],[80.2379,8.644],[80.2334,8.6521],[80.2349,8.6592],[80.2377,8.6616],[80.2355,8.6715],[80.2364,8.6769],[80.2354,8.6804]]]},"properties":{"zone":"05"}},
{"type":"Feature","geometry":{"type":"Polygon","coordinates":[[[80.1019,8.1973],[80.1028,8.1923],[80.1058,8.1893],[80.1002,8.1671],[80.1019,8.1589],[80.1067,8.1521],[80.1098,8.1418],[80.1101,8.1315],[80.1144,8.1163],[80.1153,8.096],[80.1186,8.0933],[80.1285,8.0789],[80.1435,8.0749],[80.1498,8.0707],[80.1533,8.0662],[80.1523,8.061],[80.1494,8.0554],[80.1471,8.048],[80.1458,8.0345],[80.1486,8.0183],[80.1437,8.0063],[80.1446,8.0035],[80.1495,7.9974],[80.1362,7.9752],[80.1339,7.9701],[80.134,7.9602],[80.1384,7.9579],[80.1484,7.9417],[80.1423,7.9374],[80.1372,7.938],[80.1326,7.9348],[80.1282,7.9417],[80.1222,7.9471],[80.1144,7.9507],[80.1091,7.9482],[80.1067,7.9407],[80.1086,7.9363],[80.1081,7.9284],[80.1011,7.9242],[80.0999,7.9168],[80.0967,7.914],[80.0895,7.9185],[80.0755,7.9158],[80.0722,7.9131],[80.0742,7.9084],[80.0742,7.8926],[80.0721,7.89],[80.0666,7.8876],[80.0674,7.8833],[80.0658,7.8782],[80.067,7.8747],[80.0631,7.872],[80.0555,7.8739],[80.0516,7.8718],[80.0493,7.8673],[80.0421,7.8655],[80.0382,7.8605],[80.0413,7.8582],[80.0394,7.8551],[80.038,7.845],[80.034,7.8416],[80.0274,7.8417],[80.0237,7.8389],[80.0206,7.8388],[80.0155,7.8343],[80.0096,7.8338],[80.0062,7.8313],[80.0053,7.8267],[80.0114,7.8169],[80.0098,7.8144],[80.0016,7.8139],[79.9973,7.8099],[79.9975,7.8069],[79.9944,7.7929],[80.0023,7.7786],[79.9995,7.7725],[79.9956,7.7696],[79.9936,7.7631],[79.9934,7.7584],[80.0012,7.7491],[79.9987,7.7431],[79.9952,7.7431],[79.9872,7.7391],[79.9776,7.732],[79.9757,7.7239],[79.9616,7.7179],[79.9553,7.72],[79.9535,7.7167],[79.9527,7.7091],[79.954,7.702],[79.9457,7.7008],[79.9409,7.6965],[79.9429,7.6933],[79.9522,7.6946],[79.9633,7.6868],[79.96,7.6835],[79.9604,7.679],[79.9583,7.673],[79.9482,7.676],[79.9474,7.682],[79.943,7.6773],[79.9394,7.6775],[79.9354,7.6809],[79.9287,7.6746],[79.9306,7.6655],[79.9291,7.6617],[79.925,7.6594],[79.9239,7.6556],[79.9316,7.653],[79.9338,7.6507],[79.93,7.647],[79.9229,7.6453],[79.9214,7.6337],[79.9175,7.6293],[79.9105,7.6262],[79.9057,7.6166],[79.9068,7.6073],[79.909,7.5978],[79.9072,7.5907],[79.9025,7.5809],[79.9005,7.5597],[79.9053,7.5058],[79.9107,7.4771],[79.9375,7.3493],[79.94,7.3274],[79.9402,7.3106],[79.9424,7.281],[79.9416,7.2765],[79.9459,7.2739],[79.9485,7.2805],[79.9534,7.281],[79.9506,7.2889],[79.9567,7.2901],[79.9572,7.2942],[79.9619,7.2928],[79.9657,7.2895],[79.9694,7.2895],[79.9722,7.2929],[79.9786,7.2939],[79.9804,7.3001],[79.9895,7.3033],[79.9901,7.3087],[79.9958,7.3102],[79.9991,7.3145],[80.0043,7.3149],[80.0056,7.3203],[80.0159,7.3144],[80.02,7.3177],[80.0267,7.3179],[80.0249,7.3123],[80.0291,7.3097],[80.0308,7.3026],[80.037,7.3036],[80.0474,7.299],[80.0469,7.296],[80.0532,7.291],[80.0543,7.2844],[80.0592,7.2839],[80.0636,7.2857],[80.0821,7.2985],[80.084,7.3046],[80.0873,7.3034],[80.0943,7.3073],[80.0979,7.311],[80.1029,7.3138],[80.1039,7.3172],[80.1078,7.3211],[80.1169,7.3249],[80.1242,7.3305],[80.1306,7.3283],[80.14,7.3225],[80.1403,7.3199],[80.1488,7.3124],[80.143,7.3061],[80.1476,7.2994],[80.1522,7.2975],[80.159,7.2905],[80.1631,7.2901],[80.1687,7.2854],[80.1703,7.2807],[80.1742,7.2778],[80.1773,7.2725],[80.1865,7.2614],[80.1905,7.2638],[80.1956,7.2582],[80.2044,7.2595],[80.2138,7.2747],[80.2258,7.2819],[80.245,7.2971],[80.2515,7.3012],[80.2548,7.3045],[80.2625,7.3078],[80.2652,7.3105],[80.2742,7.3149],[80.2793,7.3184],[80.2885,7.315],[80.3014,7.3179],[80.3103,7.3211],[80.3125,7.3229],[80.318,7.3217],[80.321,7.3287],[80.3382,7.3212],[80.3436,7.3298],[80.3459,7.3318],[80.35,7.3392],[80.3443,7.3438],[80.3424,7.3511],[80.3486,7.3557],[80.3538,7.3563],[80.3559,7.3611],[80.3522,7.3724],[80.3493,7.3786],[80.3457,7.3814],[80.3472,7.3877],[80.3569,7.3866],[80.377,7.3919],[80.3805,7.3943],[80.3923,7.3965],[80.401,7.3876],[80.4075,7.386],[80.4116,7.383],[80.4164,7.3742],[80.4171,7.3683],[80.4144,7.3567],[80.4221,7.3552],[80.4248,7.3591],[80.4277,7.3591],[80.436,7.3537],[80.4389,7.3538],[80.4452,7.3574],[80.453,7.3511],[80.457,7.35],[80.4598,7.3526],[80.4576,7.3571],[80.4536,7.358],[80.4516,7.3623],[80.4543,7.365],[80.4579,7.3745],[80.4641,7.3764],[80.4683,7.3869],[80.472,7.3933],[80.4697,7.4022],[80.4626,7.4043],[80.461,7.4091],[80.4693,7.4132],[80.4714,7.4119],[80.4736,7.4065],[80.4781,7.4081],[80.4935,7.3946],[80.5062,7.3867],[80.5114,7.386],[80.518,7.3918],[80.5194,7.3993],[80.5155,7.4063],[80.5164,7.4132],[80.5294,7.4122],[80.5288,7.4178],[80.5372,7.4156],[80.5391,7.4198],[80.5485,7.415],[80.5565,7.4195],[80.5538,7.4265],[80.5484,7.4314],[80.546,7.4371],[80.5489,7.4409],[80.544,7.4481],[80.5474,7.4504],[80.5543,7.4495],[80.5568,7.4554],[80.5663,7.4575],[80.5646,7.4684],[80.5671,7.4727],[80.5763,7.4794],[80.5749,7.4833],[80.5711,7.4863],[80.5737,7.4916],[80.5715,7.5033],[80.5738,7.5087],[80.5689,7.5116],[80.5689,7.5167],[80.5653,7.5174],[80.5657,7.5242],[80.5601,7.5318],[80.5571,7.5378],[80.5528,7.5386],[80.5546,7.5478],[80.5527,7.5508],[80.5567,7.5638],[80.5615,7.5683],[80.5623,7.5723],[80.5674,7.5731],[80.5713,7.5766],[80.5742,7.5848],[80.5699,7.5916],[80.5698,7.595],[80.5746,7.5978],[80.5741,7.6006],[80.5778,7.6054],[80.5728,7.6105],[80.5663,7.6207],[80.5669,7.6256],[80.5658,7.6311],[80.5544,7.6351],[80.5492,7.6432],[80.5498,7.6484],[80.5458,7.6549],[80.5453,7.6612],[80.5519,7.662],[80.5538,7.6663],[80.5535,7.6737],[80.5495,7.679],[80.5503,7.6861],[80.5484,7.6887],[80.549,7.6926],[80.5474,7.6978],[80.5497,7.7044],[80.5454,7.7087],[80.5371,7.7082],[80.5363,7.7198],[80.5383,7.7228],[80.5378,7.7368],[80.5339,7.7436],[80.5295,7.7444],[80.5257,7.7545],[80.521,7.7608],[80.5197,7.7724],[80.5168,7.7748],[80.5036,7.7744],[80.5028,7.7804],[80.4989,7.7833],[80.4979,7.8017],[80.4965,7.8093],[80.5002,7.8136],[80.4998,7.8164],[80.4932,7.8185],[80.4834,7.824],[80.4835,7.8288],[80.4798,7.8312],[80.479,7.841],[80.4764,7.8443],[80.4691,7.85],[80.4743,7.8544],[80.4766,7.8664],[80.4798,7.8773],[80.4795,7.8815],[80.4748,7.8914],[80.4744,7.8958],[80.4686,7.8996],[80.4659,7.9047],[80.4627,7.9178],[80.4625,7.927],[80.4612,7.931],[80.4611,7.9453],[80.4572,7.9463],[80.4499,7.9544],[80.4454,7.9552],[80.4385,7.9522],[80.4346,7.9482],[80.4314,7.948],[80.4193,7.9524],[80.4186,7.9547],[80.4247,7.96],[80.426,7.9629],[80.425,7.97],[80.4228,7.9762],[80.4241,7.9824],[80.4222,7.9921],[80.4192,7.9999],[80.4154,8.0072],[80.4181,8.0125],[80.4196,8.0296],[80.4198,8.0412],[80.4135,8.0485],[80.4054,8.0547],[80.3962,8.0532],[80.3924,8.048],[80.3838,8.0526],[80.3804,8.0565],[80.377,8.0561],[80.37,8.0578],[80.3636,8.0671],[80.3583,8.069],[80.3554,8.0741],[80.349,8.081],[80.344,8.081],[80.3392,8.0849],[80.337,8.0888],[80.3325,8.0895],[80.3241,8.0971],[80.3219,8.1029],[80.3165,8.1128],[80.314,8.1131],[80.3081,8.1171],[80.3033,8.1156],[80.2986,8.1159],[80.294,8.1186],[80.2886,8.1173],[80.2854,8.1186],[80.2806,8.1159],[80.2744,8.1172],[80.2664,8.1154],[80.2631,8.1178],[80.2608,8.1241],[80.2524,8.1326],[80.2429,8.1352],[80.2326,8.1401],[80.2233,8.1425],[80.2151,8.1436],[80.2119,8.1456],[80.2107,8.1496],[80.2071,8.1535],[80.2009,8.1542],[80.1953,8.152],[80.1919,8.1531],[80.1882,8.1515],[80.1851,8.1541],[80.1859,8.1599],[80.1787,8.1636],[80.1727,8.1628],[80.1655,8.1641],[80.1596,8.1678],[80.1509,8.1756],[80.1377,8.1766],[80.1343,8.1793],[80.123,8.1813],[80.1169,8.1866],[80.1118,8.1873],[80.1086,8.191],[80.1077,8.1959],[80.1019,8.1973]]]},"properties":{"zone":"06"}},
{"type":"Feature","geometry":{"type":"Polygon","coordinates":[[[80.4221,7.3552],[80.4223,7.3493],[80.4242,7.3457],[80.4265,7.3323],[80.4313,7.3264],[80.4393,7.3193],[80.4543,7.3135],[80.4571,7.3069],[80.4633,7.3028],[80.4694,7.2972],[80.4742,7.2913],[80.4814,7.2848],[80.4832,7.2801],[80.4799,7.271],[80.4795,7.2636],[80.4883,7.2628],[80.4933,7.2587],[80.504,7.258],[80.509,7.2528],[80.5102,7.2456],[80.5182,7.2415],[80.5225,7.2345],[80.5217,7.2296],[80.5225,7.2237],[80.5212,7.218],[80.5126,7.213],[80.5133,7.2081],[80.5166,7.2034],[80.5198,7.2027],[80.5263,7.1977],[80.5365,7.1837],[80.5451,7.1786],[80.5479,7.1677],[80.5418,7.1656],[80.5334,7.166],[80.5288,7.1609],[80.5321,7.1581],[80.535,7.1515],[80.5295,7.1516],[80.5253,7.1472],[80.5214,7.1515],[80.5185,7.1495],[80.5118,7.1498],[80.5096,7.1476],[80.5093,7.141],[80.5066,7.1378],[80.5063,7.1336],[80.5025,7.1345],[80.4989,7.1276],[80.4932,7.1284],[80.4807,7.1247],[80.4784,7.1275],[80.4755,7.1248],[80.4695,7.1222],[80.4647,7.1228],[80.4558,7.1221],[80.452,7.1178],[80.4463,7.1143],[80.4453,7.1113],[80.451,7.106],[80.4542,7.1013],[80.4552,7.0944],[80.4575,7.0908],[80.4597,7.0779],[80.4659,7.0643],[80.4697,7.0618],[80.4638,7.0575],[80.4604,7.0431],[80.4609,7.0313],[80.4675,7.0203],[80.4677,7.0179],[80.4635,7.013],[80.4605,7.0127],[80.4561,7.006],[80.4515,7.0031],[80.4479,6.9981],[80.4376,6.9981],[80.4336,6.9942],[80.4324,6.9857],[80.4361,6.9841],[80.4378,6.9784],[80.4441,6.9746],[80.4442,6.9684],[80.4456,6.9655],[80.4439,6.9617],[80.4387,6.958],[80.4373,6.9526],[80.4391,6.9455],[80.4386,6.9369],[80.4373,6.9314],[80.4375,6.9226],[80.4355,6.9216],[80.433,6.9136],[80.4428,6.9107],[80.4483,6.9068],[80.4548,6.9061],[80.4593,6.9005],[80.4625,6.8998],[80.4674,6.9018],[80.4735,6.8981],[80.4792,6.8987],[80.4873,6.893],[80.4913,6.8932],[80.498,6.887],[80.4978,6.8797],[80.4948,6.8758],[80.4953,6.871],[80.5005,6.864],[80.5,6.8581],[80.5094,6.8528],[80.5112,6.8492],[80.5105,6.8452],[80.5038,6.8357],[80.496,6.8317],[80.4917,6.8199],[80.4921,6.8159],[80.4965,6.81],[80.5019,6.8105],[80.5008,6.8069],[80.4977,6.8063],[80.4949,6.7998],[80.4912,6.8],[80.4886,6.7966],[80.49,6.792],[80.4962,6.7822],[80.5014,6.7783],[80.5101,6.7774],[80.5249,6.769],[80.528,6.768],[80.5383,6.7745],[80.5433,6.7757],[80.5498,6.7715],[80.5556,6.7699],[80.5594,6.7707],[80.5697,6.765],[80.5738,6.7637],[80.5843,6.7636],[80.6078,6.7588],[80.6151,6.7594],[80.6211,6.7581],[80.6294,6.7546],[80.6354,6.7534],[80.6426,6.754],[80.6538,6.7512],[80.659,6.7542],[80.6599,6.7612],[80.6639,6.7601],[80.6699,6.7604],[80.6748,6.7593],[80.6795,6.7603],[80.6941,6.7592],[80.7013,6.7558],[80.7074,6.755],[80.7117,6.7587],[80.7215,6.7589],[80.7263,6.7616],[80.734,6.7634],[80.7389,6.7618],[80.7434,6.7586],[80.7529,6.7625],[80.7584,6.7678],[80.7745,6.7784],[80.7838,6.7743],[80.7893,6.774],[80.7936,6.7806],[80.8009,6.7859],[80.8021,6.7882],[80.8084,6.7919],[80.8135,6.7953],[80.8177,6.7952],[80.8241,6.7928],[80.8337,6.802],[80.8336,6.8068],[80.8372,6.8119],[80.8326,6.815],[80.8258,6.8151],[80.8175,6.8193],[80.8151,6.8229],[80.8143,6.8301],[80.8201,6.8324],[80.8236,6.8302],[80.8316,6.8337],[80.8369,6.841],[80.8371,6.8458],[80.8314,6.8493],[80.8305,6.8543],[80.8242,6.8563],[80.8202,6.8639],[80.824,6.8765],[80.8182,6.8817],[80.8118,6.8798],[80.8144,6.8915],[80.8084,6.8942],[80.8107,6.8993],[80.8094,6.9023],[80.8028,6.9037],[80.7983,6.9065],[80.7855,6.9081],[80.7787,6.9101],[80.7759,6.913],[80.7783,6.9197],[80.7818,6.9216],[80.7882,6.9202],[80.8114,6.9174],[80.8162,6.9192],[80.8296,6.9284],[80.8318,6.9341],[80.8321,6.9461],[80.8335,6.953],[80.8392,6.9578],[80.8467,6.9662],[80.8539,6.97],[80.8596,6.9743],[80.8622,6.9782],[80.8683,6.9774],[80.8741,6.9738],[80.8768,6.9741],[80.8917,6.9785],[80.8985,6.9773],[80.9046,6.9826],[80.9104,6.9847],[80.9186,6.9897],[80.9223,6.9964],[80.9242,7.0021],[80.9246,7.01],[80.927,7.0135],[80.929,7.0201],[80.9279,7.0312],[80.9299,7.0351],[80.9292,7.0382],[80.9377,7.0422],[80.9392,7.0444],[80.9402,7.0528],[80.9429,7.0562],[80.9503,7.0609],[80.9552,7.0628],[80.9567,7.0712],[80.9596,7.0752],[80.9648,7.0769],[80.9644,7.0803],[80.9578,7.0871],[80.9532,7.0902],[80.9548,7.0971],[80.9513,7.1014],[80.9552,7.1054],[80.9554,7.1105],[80.9582,7.1162],[80.9641,7.1192],[80.9626,7.1248],[80.9565,7.1286],[80.9499,7.1298],[80.9509,7.1334],[80.9492,7.1395],[80.9526,7.1456],[80.9601,7.1415],[80.959,7.1464],[80.9613,7.1571],[80.9546,7.1715],[80.9533,7.1758],[80.9484,7.1793],[80.9487,7.1849],[80.9453,7.188],[80.9422,7.1963],[80.9458,7.2004],[80.9559,7.1992],[80.9632,7.1959],[80.9685,7.1975],[80.9729,7.1963],[80.9744,7.2002],[80.9778,7.2034],[80.9819,7.2115],[80.9895,7.2143],[81.0007,7.2134],[81.0066,7.2154],[81.016,7.2304],[81.0165,7.2334],[81.0129,7.2413],[81.0131,7.2467],[81.0093,7.262],[81.0058,7.269],[80.9999,7.2945],[80.9932,7.3067],[80.9873,7.3246],[80.9878,7.3315],[80.9833,7.3454],[80.9771,7.3597],[80.9755,7.3685],[80.9764,7.3729],[80.9797,7.3787],[80.9823,7.3895],[80.9826,7.3948],[80.9779,7.4051],[80.9701,7.4101],[80.9695,7.4156],[80.9705,7.42],[80.9751,7.4258],[80.9742,7.439],[80.9744,7.4504],[80.9727,7.4625],[80.9751,7.4823],[80.973,7.4989],[80.9727,7.5219],[80.9711,7.534],[80.972,7.5398],[80.9722,7.5547],[80.9717,7.5666],[80.9732,7.5778],[80.9768,7.5843],[80.9774,7.59],[80.9759,7.5996],[80.9793,7.6117],[80.9785,7.6165],[80.9778,7.6227],[80.9781,7.6258],[80.9796,7.6322],[80.9817,7.6432],[80.9885,7.6524],[80.992,7.6557],[80.9947,7.6615],[80.9946,7.6629],[80.994,7.666],[80.9936,7.6727],[80.9913,7.6821],[80.9875,7.6888],[80.9926,7.6987],[80.9922,7.7089],[80.9891,7.7217],[80.9868,7.7209],[80.9853,7.7202],[80.9803,7.7161],[80.972,7.7172],[80.9644,7.7166],[80.9488,7.7128],[80.9426,7.7136],[80.9391,7.7108],[80.9279,7.7083],[80.922,7.7083],[80.9168,7.7119],[80.912,7.7125],[80.9065,7.7159],[80.8951,7.7157],[80.8901,7.7145],[80.8836,7.7151],[80.8822,7.7073],[80.8819,7.698],[80.8794,7.692],[80.8777,7.681],[80.8714,7.6849],[80.8703,7.6895],[80.8609,7.6878],[80.8555,7.6909],[80.8526,7.6946],[80.8549,7.6969],[80.8531,7.7011],[80.8491,7.6988],[80.8464,7.6932],[80.8419,7.6923],[80.84,7.6846],[80.8369,7.6813],[80.828,7.6801],[80.8253,7.6787],[80.8209,7.6799],[80.8165,7.6756],[80.8093,7.6717],[80.8048,7.6796],[80.7845,7.6796],[80.7788,7.6779],[80.7738,7.684],[80.7708,7.6838],[80.7679,7.6913],[80.7712,7.6913],[80.7743,7.6986],[80.7738,7.7084],[80.7697,7.715],[80.7644,7.7308],[80.763,7.7403],[80.7628,7.7501],[80.7638,7.7632],[80.7638,7.7789],[80.7659,7.7868],[80.7612,7.7922],[80.7688,7.8023],[80.7764,7.8022],[80.7816,7.8056],[80.7844,7.8041],[80.7857,7.8001],[80.7956,7.8049],[80.7954,7.8095],[80.7935,7.8173],[80.8024,7.822],[80.805,7.8293],[80.8063,7.8403],[80.8085,7.8495],[80.811,7.852],[80.8112,7.8583],[80.8099,7.8618],[80.8118,7.8689],[80.8121,7.8766],[80.8135,7.8813],[80.8134,7.8869],[80.8184,7.9041],[80.82,7.9158],[80.8193,7.9236],[80.8217,7.9288],[80.8293,7.939],[80.8319,7.9454],[80.8324,7.9519],[80.8361,7.9563],[80.8475,7.9609],[80.8522,7.9616],[80.8526,7.9642],[80.84,7.9722],[80.8264,7.971],[80.8206,7.9775],[80.8199,7.9815],[80.8148,7.9835],[80.8066,7.9804],[80.7986,7.9759],[80.7999,7.9688],[80.7997,7.9629],[80.7977,7.9605],[80.7886,7.9621],[80.7853,7.9649],[80.7789,7.9675],[80.7775,7.9755],[80.7777,7.9817],[80.7798,7.9941],[80.7744,7.9985],[80.7645,8.0038],[80.7598,8.0074],[80.7561,8.0123],[80.7504,8.0113],[80.7447,8.0064],[80.7383,8.0054],[80.7334,8.003],[80.7254,8.0016],[80.7191,7.9973],[80.7137,7.9919],[80.7059,7.9918],[80.6961,7.978],[80.6829,7.9571],[80.6816,7.9567],[80.6694,7.9632],[80.6587,7.9601],[80.6565,7.9483],[80.6529,7.9467],[80.654,7.9419],[80.654,7.9336],[80.6552,7.9244],[80.6537,7.9147],[80.6426,7.9096],[80.6376,7.906],[80.6324,7.9002],[80.6352,7.8942],[80.6379,7.8939],[80.6382,7.8873],[80.6306,7.8859],[80.6234,7.8831],[80.6222,7.8803],[80.6221,7.8683],[80.6152,7.8682],[80.6095,7.8637],[80.6074,7.8606],[80.6007,7.8558],[80.5931,7.8581],[80.5913,7.8662],[80.5831,7.868],[80.5767,7.8685],[80.5734,7.8667],[80.5697,7.861],[80.5691,7.855],[80.5652,7.8489],[80.5602,7.8475],[80.556,7.8442],[80.5445,7.8392],[80.5264,7.8281],[80.5224,7.8269],[80.5078,7.8282],[80.4999,7.8261],[80.5011,7.8199],[80.4998,7.8164],[80.5002,7.8136],[80.4965,7.8093],[80.4979,7.8017],[80.4989,7.7833],[80.5028,7.7804],[80.5036,7.7744],[80.5168,7.7748],[80.5197,7.7724],[80.521,7.7608],[80.5257,7.7545],[80.5295,7.7444],[80.5339,7.7436],[80.5378,7.7368],[80.5383,7.7228],[80.5363,7.7198],[80.5371,7.7082],[80.5454,7.7087],[80.5497,7.7044],[80.5474,7.6978],[80.549,7.6926],[80.5484,7.6887],[80.5503,7.6861],[80.5495,7.679],[80.5535,7.6737],[80.5538,7.6663],[80.5519,7.662],[80.5453,7.6612],[80.5458,7.6549],[80.5498,7.6484],[80.5492,7.6432],[80.5544,7.6351],[80.5658,7.6311],[80.5669,7.6256],[80.5663,7.6207],[80.5728,7.6105],[80.5778,7.6054],[80.5741,7.6006],[80.5746,7.5978],[80.5698,7.595],[80.5699,7.5916],[80.5742,7.5848],[80.5713,7.5766],[80.5674,7.5731],[80.5623,7.5723],[80.5615,7.5683],[80.5567,7.5638],[80.5527,7.5508],[80.5546,7.5478],[80.5528,7.5386],[80.5571,7.5378],[80.5601,7.5318],[80.5657,7.5242],[80.5653,7.5174],[80.5689,7.5167],[80.5689,7.5116],[80.5738,7.5087],[80.5715,7.5033],[80.5737,7.4916],[80.5711,7.4863],[80.5749,7.4833],[80.5763,7.4794],[80.5671,7.4727],[80.5646,7.4684],[80.5663,7.4575],[80.5568,7.4554],[80.5543,7.4495],[80.5474,7.4504],[80.544,7.4481],[80.5489,7.4409],[80.546,7.4371],[80.5484,7.4314],[80.5538,7.4265],[80.5565,7.4195],[80.5485,7.415],[80.5391,7.4198],[80.5372,7.4156],[80.5288,7.4178],[80.5294,7.4122],[80.5164,7.4132],[80.5155,7.4063],[80.5194,7.3993],[80.518,7.3918],[80.5114,7.386],[80.5062,7.3867],[80.4935,7.3946],[80.4781,7.4081],[80.4736,7.4065],[80.4714,7.4119],[80.4693,7.4132],[80.461,7.4091],[80.4626,7.4043],[80.4697,7.4022],[80.472,7.3933],[80.4683,7.3869],[80.4641,7.3764],[80.4579,7.3745],[80.4543,7.365],[80.4516,7.3623],[80.4536,7.358],[80.4576,7.3571],[80.4598,7.3526],[80.457,7.35],[80.453,7.3511],[80.4452,7.3574],[80.4389,7.3538],[80.436,7.3537],[80.4277,7.3591],[80.4248,7.3591],[80.4221,7.3552]]]},"properties":{"zone":"07"}},
{"type":"Feature","geometry":{"type":"MultiPolygon","coordinates":[[[[80.9796,7.6322],[80.9784,7.6272],[80.982,7.6344],[80.9839,7.6429],[80.989,7.6526],[80.9885,7.6524],[80.9817,7.6432],[80.9796,7.6322]]],[[[80.992,7.6557],[80.9921,7.6554],[80.9944,7.6579],[80.9947,7.6594],[80.9947,7.6624],[80.9947,7.6615],[80.992,7.6557]]],[[[81.0167,7.7204],[81.0163,7.7202],[81.0173,7.7163],[81.0222,7.7138],[81.0244,7.718],[81.032,7.7182],[81.0367,7.7146],[81.0344,7.7112],[81.0363,7.7079],[81.0364,7.7029],[81.0412,7.7056],[81.0434,7.7119],[81.046,7.7116],[81.0475,7.7171],[81.0498,7.7191],[81.0493,7.7189],[81.0352,7.7202],[81.0257,7.7229],[81.0167,7.7204]]],[[[81.0604,7.7252],[81.0597,7.7228],[81.0629,7.7178],[81.0736,7.7161],[81.0784,7.7203],[81.0808,7.7263],[81.0828,7.7272],[81.0817,7.7277],[81.0687,7.7308],[81.0634,7.7277],[81.0604,7.7252]]],[[[81.1083,7.703],[81.1074,7.6934],[81.1004,7.6911],[81.0957,7.6884],[81.0955,7.6789],[81.1019,7.6769],[81.1002,7.6719],[81.1012,7.6659],[81.0999,7.6627],[81.1028,7.6605],[81.1059,7.6646],[81.1096,7.6608],[81.1126,7.6644],[81.1172,7.6636],[81.124,7.6605],[81.1304,7.6557],[81.1373,7.6537],[81.1452,7.6574],[81.1489,7.6489],[81.1488,7.6452],[81.156,7.6439],[81.1627,7.6479],[81.1671,7.6446],[81.1692,7.6475],[81.1698,7.6523],[81.177,7.6531],[81.1763,7.6592],[81.1736,7.6592],[81.1737,7.665],[81.1767,7.6666],[81.1827,7.6626],[81.1874,7.6515],[81.1928,7.6574],[81.201,7.651],[81.211,7.6409],[81.212,7.6386],[81.2069,7.6227],[81.2041,7.6216],[81.2071,7.6123],[81.2138,7.6046],[81.2141,7.598],[81.2192,7.5906],[81.2259,7.5887],[81.2319,7.5887],[81.2432,7.5916],[81.2498,7.5923],[81.2594,7.5855],[81.2633,7.5764],[81.2671,7.5747],[81.2689,7.5698],[81.2742,7.5609],[81.2826,7.5535],[81.2837,7.5496],[81.2894,7.5427],[81.2942,7.5304],[81.2989,7.5215],[81.2829,7.5145],[81.2778,7.5111],[81.2969,7.4815],[81.3016,7.4794],[81.3001,7.4713],[81.3019,7.4563],[81.3029,7.4547],[81.3106,7.4546],[81.32,7.4421],[81.3163,7.4338],[81.3109,7.4248],[81.3044,7.4183],[81.3101,7.415],[81.3057,7.413],[81.3007,7.409],[81.2987,7.4025],[81.2892,7.4051],[81.2906,7.396],[81.294,7.3915],[81.3018,7.3958],[81.3072,7.3956],[81.3098,7.3985],[81.3175,7.4006],[81.3254,7.3973],[81.3222,7.3898],[81.3185,7.3888],[81.3234,7.3811],[81.3275,7.3784],[81.3319,7.3777],[81.3372,7.3735],[81.3426,7.3664],[81.3528,7.3636],[81.3632,7.3569],[81.3659,7.3583],[81.3735,7.3582],[81.3767,7.3621],[81.386,7.3699],[81.3851,7.3737],[81.3814,7.3775],[81.3803,7.3878],[81.3753,7.3936],[81.3737,7.3976],[81.3738,7.4053],[81.377,7.4108],[81.3833,7.408],[81.3888,7.4079],[81.4003,7.4156],[81.4066,7.4173],[81.4089,7.4224],[81.4069,7.4299],[81.4086,7.4336],[81.4227,7.4365],[81.4248,7.4415],[81.4281,7.4413],[81.4363,7.4436],[81.4437,7.4486],[81.4485,7.4536],[81.4564,7.4584],[81.4636,7.4565],[81.4717,7.4569],[81.4791,7.454],[81.4748,7.4471],[81.4715,7.4443],[81.4622,7.4314],[81.464,7.4262],[81.4709,7.4236],[81.4756,7.4231],[81.4762,7.4197],[81.4725,7.4042],[81.4723,7.3941],[81.4732,7.391],[81.4785,7.3822],[81.4812,7.3746],[81.4855,7.357],[81.4879,7.3497],[81.4908,7.3378],[81.4836,7.3297],[81.4798,7.328],[81.4803,7.3222],[81.4874,7.3144],[81.4977,7.3044],[81.5129,7.2981],[81.5188,7.2903],[81.5207,7.2847],[81.5176,7.2805],[81.5242,7.2705],[81.5244,7.2608],[81.5276,7.2536],[81.5229,7.2449],[81.5244,7.2415],[81.534,7.24],[81.5381,7.2332],[81.5421,7.2331],[81.545,7.2305],[81.5477,7.2252],[81.5511,7.2231],[81.5531,7.2176],[81.5437,7.2146],[81.5342,7.2076],[81.529,7.2046],[81.5224,7.1976],[81.5148,7.1842],[81.5113,7.1794],[81.5057,7.1664],[81.5001,7.1548],[81.5001,7.1498],[81.5039,7.1451],[81.5096,7.1412],[81.5134,7.1363],[81.5111,7.131],[81.5129,7.1275],[81.5113,7.1179],[81.5157,7.109],[81.5154,7.103],[81.518,7.1],[81.5313,7.091],[81.5377,7.0911],[81.5484,7.086],[81.5524,7.0853],[81.5598,7.082],[81.5657,7.0809],[81.5715,7.082],[81.5797,7.0763],[81.5873,7.0745],[81.5961,7.0696],[81.6016,7.0705],[81.6142,7.0685],[81.6152,7.0631],[81.6191,7.0528],[81.6174,7.0459],[81.6115,7.0417],[81.6111,7.038],[81.6074,7.0296],[81.6072,7.0259],[81.6126,7.0164],[81.6141,7.011],[81.6139,7.0037],[81.6189,7.0013],[81.6209,6.9984],[81.6202,6.9893],[81.6172,6.9808],[81.6188,6.9774],[81.6267,6.9696],[81.6302,6.9685],[81.6355,6.9633],[81.6372,6.96],[81.6338,6.9439],[81.634,6.9403],[81.6287,6.913],[81.6281,6.8707],[81.6269,6.8578],[81.6258,6.8373],[81.624,6.8142],[81.623,6.8123],[81.6218,6.7984],[81.6207,6.7743],[81.6191,6.7561],[81.6191,6.7373],[81.6182,6.7129],[81.6171,6.6906],[81.6155,6.6809],[81.6128,6.6384],[81.6118,6.6263],[81.6102,6.594],[81.6083,6.58],[81.6154,6.5723],[81.6209,6.5711],[81.6211,6.5661],[81.624,6.5615],[81.633,6.5525],[81.6361,6.5452],[81.6402,6.5414],[81.6444,6.5419],[81.651,6.5449],[81.6564,6.5403],[81.6623,6.5404],[81.668,6.5342],[81.671,6.5256],[81.6772,6.5197],[81.6861,6.5143],[81.6915,6.5131],[81.6993,6.5146],[81.7079,6.5107],[81.7128,6.5214],[81.7168,6.5279],[81.725,6.5369],[81.7239,6.5388],[81.7291,6.5481],[81.7282,6.5518],[81.7297,6.5553],[81.736,6.5635],[81.7408,6.5751],[81.7483,6.5826],[81.7561,6.5889],[81.7626,6.5965],[81.7631,6.6007],[81.7606,6.6033],[81.7612,6.6101],[81.7716,6.6266],[81.7744,6.6387],[81.7774,6.6461],[81.776,6.651],[81.7727,6.6539],[81.771,6.6595],[81.773,6.6717],[81.7819,6.6853],[81.7866,6.6934],[81.7985,6.7057],[81.8016,6.7129],[81.8011,6.7173],[81.8032,6.7243],[81.8011,6.7278],[81.8033,6.7346],[81.8122,6.7491],[81.8228,6.7601],[81.8261,6.7647],[81.8243,6.7683],[81.8234,6.7751],[81.8246,6.7809],[81.8203,6.7843],[81.8191,6.7884],[81.8232,6.799],[81.8243,6.809],[81.8229,6.8137],[81.8268,6.8231],[81.8302,6.8273],[81.8402,6.837],[81.8394,6.8398],[81.8338,6.8413],[81.832,6.8492],[81.835,6.8588],[81.8463,6.872],[81.8442,6.8871],[81.8475,6.8965],[81.8451,6.8992],[81.8454,6.9106],[81.8521,6.9289],[81.8547,6.9379],[81.8656,6.9653],[81.8682,6.9733],[81.8661,6.9768],[81.8658,6.9853],[81.8678,6.9915],[81.8724,7],[81.8731,7.0074],[81.8787,7.0215],[81.8788,7.026],[81.8754,7.031],[81.8745,7.0364],[81.8712,7.0403],[81.8689,7.0489],[81.8677,7.0611],[81.865,7.0738],[81.8636,7.076],[81.8628,7.0844],[81.8581,7.1005],[81.8587,7.1167],[81.8571,7.1215],[81.8578,7.135],[81.8607,7.1517],[81.8614,7.1652],[81.8613,7.1777],[81.8623,7.1972],[81.8619,7.2119],[81.8625,7.2298],[81.8637,7.24],[81.8648,7.2577],[81.866,7.2668],[81.8698,7.2751],[81.8668,7.2827],[81.8675,7.2926],[81.8671,7.3011],[81.8657,7.3102],[81.8661,7.3205],[81.8653,7.3274],[81.8605,7.347],[81.8539,7.3676],[81.8483,7.3825],[81.8414,7.4068],[81.838,7.4166],[81.8263,7.4304],[81.8234,7.4369],[81.818,7.4609],[81.8165,7.4722],[81.8122,7.4876],[81.8087,7.5049],[81.8081,7.5156],[81.806,7.529],[81.8029,7.5389],[81.7996,7.5564],[81.7971,7.5645],[81.7968,7.5691],[81.7936,7.5798],[81.7866,7.6003],[81.7763,7.624],[81.7618,7.6517],[81.7562,7.6617],[81.7429,7.6836],[81.7213,7.7168],[81.717,7.7222],[81.706,7.7441],[81.699,7.7531],[81.6879,7.763],[81.687,7.7603],[81.6735,7.7645],[81.6691,7.7668],[81.6521,7.7789],[81.6433,7.7874],[81.6268,7.8124],[81.6201,7.8286],[81.6175,7.826],[81.6103,7.8227],[81.6022,7.8256],[81.5934,7.8317],[81.5878,7.837],[81.5813,7.8451],[81.5735,7.8588],[81.5685,7.8704],[81.5654,7.8825],[81.5637,7.899],[81.5646,7.9064],[81.5681,7.9163],[81.57,7.9185],[81.5829,7.9198],[81.5754,7.9268],[81.57,7.9271],[81.5656,7.9255],[81.5617,7.929],[81.5605,7.9324],[81.5618,7.9368],[81.5601,7.9402],[81.5541,7.9428],[81.5522,7.9338],[81.5457,7.9314],[81.5411,7.9271],[81.5245,7.9274],[81.5218,7.9266],[81.5157,7.9213],[81.5175,7.9147],[81.5128,7.9137],[81.5135,7.9218],[81.5169,7.9254],[81.5205,7.9321],[81.5256,7.9339],[81.5304,7.9311],[81.5404,7.9335],[81.5467,7.9382],[81.5491,7.9416],[81.5431,7.9512],[81.5402,7.9619],[81.5405,7.9704],[81.5419,7.9774],[81.5464,7.9816],[81.5528,7.9851],[81.5522,7.9913],[81.5468,7.994],[81.5417,7.9873],[81.5331,7.9833],[81.524,7.9869],[81.5189,7.9908],[81.5168,7.9964],[81.5091,7.9967],[81.4912,8.0122],[81.4729,8.0426],[81.4641,8.0666],[81.4586,8.0909],[81.4578,8.1029],[81.4605,8.1096],[81.4542,8.1131],[81.4468,8.1227],[81.4415,8.1354],[81.4351,8.1541],[81.4327,8.167],[81.4339,8.1775],[81.4293,8.1811],[81.4258,8.1884],[81.4227,8.1991],[81.4224,8.2051],[81.4183,8.2119],[81.4118,8.2299],[81.4078,8.2485],[81.3939,8.2488],[81.3875,8.2532],[81.3709,8.2539],[81.3691,8.2564],[81.3643,8.258],[81.3611,8.2559],[81.3549,8.2593],[81.3587,8.2649],[81.3538,8.2693],[81.3473,8.2647],[81.3363,8.2638],[81.3303,8.2657],[81.3231,8.2616],[81.3193,8.2574],[81.3116,8.252],[81.3142,8.2397],[81.3134,8.2131],[81.3124,8.1932],[81.3123,8.1801],[81.3102,8.1482],[81.309,8.1148],[81.3078,8.095],[81.3084,8.0705],[81.3073,8.0582],[81.3075,8.0508],[81.3064,8.0291],[81.3087,8.0227],[81.3131,8.0153],[81.3161,8.0083],[81.3198,7.997],[81.33,7.976],[81.3344,7.9658],[81.3401,7.9567],[81.339,7.9454],[81.34,7.9374],[81.335,7.938],[81.3282,7.9351],[81.3243,7.9357],[81.319,7.9397],[81.3151,7.9401],[81.3118,7.9378],[81.3057,7.9383],[81.2991,7.9453],[81.2893,7.9466],[81.283,7.9422],[81.2769,7.9397],[81.2747,7.9368],[81.2658,7.9375],[81.2628,7.94],[81.2531,7.9363],[81.2451,7.9277],[81.239,7.9228],[81.2369,7.9198],[81.2374,7.9076],[81.2385,7.9026],[81.2359,7.8949],[81.237,7.8887],[81.2329,7.8836],[81.2286,7.8749],[81.228,7.8646],[81.2315,7.8613],[81.2331,7.8521],[81.2321,7.8416],[81.2293,7.8372],[81.227,7.8271],[81.225,7.8235],[81.2265,7.8152],[81.2275,7.805],[81.2296,7.8014],[81.23,7.793],[81.2271,7.7831],[81.2274,7.7789],[81.2307,7.771],[81.2349,7.7664],[81.2375,7.7605],[81.236,7.7568],[81.2377,7.7463],[81.2409,7.7408],[81.2409,7.7367],[81.2379,7.7337],[81.237,7.7296],[81.2338,7.7241],[81.2347,7.7178],[81.2382,7.7152],[81.2396,7.7114],[81.2379,7.7074],[81.2382,7.701],[81.2404,7.6951],[81.2365,7.6879],[81.2394,7.6798],[81.2383,7.678],[81.2298,7.6765],[81.2226,7.6721],[81.2196,7.6598],[81.2208,7.6537],[81.2179,7.6481],[81.214,7.647],[81.1979,7.6611],[81.1838,7.6673],[81.1519,7.6796],[81.1471,7.6758],[81.141,7.6778],[81.1333,7.6823],[81.1195,7.6888],[81.1154,7.6916],[81.1106,7.6977],[81.1088,7.7025],[81.1083,7.703]]],[[[81.096,7.724],[81.0963,7.723],[81.0977,7.7217],[81.0967,7.7233],[81.096,7.724]]],[[[81.2843,7.2417],[81.2864,7.2408],[81.2943,7.2462],[81.3004,7.2537],[81.3051,7.2574],[81.3148,7.2605],[81.3231,7.264],[81.319,7.2779],[81.3221,7.2871],[81.3222,7.2936],[81.325,7.2991],[81.3185,7.311],[81.318,7.3158],[81.3216,7.3275],[81.3178,7.3317],[81.3178,7.3234],[81.3142,7.3162],[81.3153,7.3099],[81.3182,7.3033],[81.3226,7.298],[81.3193,7.2928],[81.3197,7.2886],[81.3152,7.2778],[81.3175,7.2729],[81.3195,7.2649],[81.3135,7.2619],[81.3063,7.2598],[81.2997,7.2565],[81.2937,7.2485],[81.2843,7.2417]]]]},"properties":{"zone":"08"}},
{"type":"Feature","geometry":{"type":"Polygon","coordinates":[[[80.9269,8.9921],[80.9224,8.9899],[80.9172,8.9846],[80.9113,8.9862],[80.9061,8.9846],[80.9018,8.9849],[80.9001,8.9787],[80.8964,8.9815],[80.8896,8.9812],[80.8878,8.9785],[80.8871,8.9729],[80.8831,8.9692],[80.8742,8.9684],[80.8739,8.9649],[80.8692,8.9623],[80.8697,8.9595],[80.8599,8.9579],[80.8547,8.9586],[80.8496,8.9612],[80.8418,8.9602],[80.8334,8.9605],[80.8291,8.9584],[80.8276,8.9555],[80.8216,8.9552],[80.8085,8.9523],[80.8035,8.9522],[80.7996,8.9495],[80.7953,8.9487],[80.7896,8.95],[80.782,8.9468],[80.7755,8.9467],[80.7721,8.9447],[80.7713,8.9412],[80.7658,8.937],[80.7621,8.9361],[80.7561,8.919],[80.7555,8.91],[80.753,8.9051],[80.781,8.9167],[80.783,8.9202],[80.7898,8.9195],[80.8106,8.9159],[80.822,8.9093],[80.826,8.9056],[80.8329,8.9031],[80.8407,8.8949],[80.8535,8.887],[80.8679,8.8839],[80.8826,8.8721],[80.8873,8.8694],[80.8911,8.8575],[80.8972,8.8527],[80.9019,8.8441],[80.9115,8.8364],[80.9125,8.8279],[80.9101,8.823],[80.9066,8.8212],[80.9044,8.8177],[80.901,8.8164],[80.8992,8.8119],[80.896,8.8097],[80.8929,8.8041],[80.8924,8.7994],[80.8884,8.7955],[80.8828,8.7877],[80.8819,8.7729],[80.8796,8.7685],[80.8788,8.7527],[80.8822,8.7469],[80.885,8.7468],[80.891,8.7426],[80.8933,8.7322],[80.8916,8.73],[80.8914,8.7225],[80.8936,8.7174],[80.8997,8.7112],[80.9039,8.7011],[80.9116,8.6892],[80.9134,8.681],[80.9124,8.6755],[80.9137,8.6734],[80.9095,8.6676],[80.9,8.6625],[80.897,8.6501],[80.8938,8.6452],[80.8917,8.6367],[80.8971,8.6315],[80.8961,8.6258],[80.8938,8.6228],[80.8947,8.6192],[80.9082,8.6114],[80.9162,8.6042],[80.9147,8.5984],[80.9157,8.5885],[80.9185,8.583],[80.9249,8.5766],[80.9344,8.5639],[80.9434,8.5529],[80.9454,8.5482],[80.9469,8.5317],[80.9448,8.5243],[80.9473,8.5075],[80.9514,8.5033],[80.9563,8.5007],[80.9617,8.4997],[80.964,8.4973],[80.9651,8.4925],[80.9629,8.486],[80.967,8.4847],[80.9765,8.4851],[80.9863,8.4847],[80.9903,8.4779],[80.9909,8.4748],[80.989,8.471],[80.9796,8.4672],[80.9756,8.4691],[80.9713,8.4682],[80.9726,8.4601],[80.9629,8.4538],[80.9586,8.4455],[80.9538,8.4392],[80.9525,8.4331],[80.946,8.4181],[80.9439,8.4064],[80.941,8.397],[80.9385,8.3931],[80.9332,8.3896],[80.9313,8.381],[80.9284,8.3764],[80.9264,8.3695],[80.9266,8.3653],[80.9292,8.358],[80.9265,8.3474],[80.9241,8.3416],[80.9242,8.3369],[80.9308,8.3451],[80.9408,8.3425],[80.9509,8.3241],[80.959,8.3246],[80.9652,8.3219],[80.9674,8.3179],[80.9801,8.3125],[80.9818,8.3095],[80.987,8.2777],[80.9888,8.2731],[80.999,8.2727],[81.0174,8.279],[81.026,8.2769],[81.0346,8.2788],[81.0462,8.2758],[81.0501,8.2722],[81.0553,8.273],[81.0603,8.2714],[81.0673,8.2707],[81.0776,8.2716],[81.0843,8.2658],[81.0931,8.2608],[81.0984,8.2604],[81.104,8.2564],[81.1073,8.2562],[81.1108,8.2599],[81.1185,8.259],[81.1241,8.263],[81.1324,8.2621],[81.1347,8.2596],[81.1409,8.2603],[81.1493,8.2516],[81.159,8.2395],[81.1662,8.2346],[81.1727,8.2353],[81.1788,8.2298],[81.1886,8.2277],[81.1978,8.2322],[81.2034,8.2284],[81.2037,8.2218],[81.2062,8.2156],[81.2054,8.2085],[81.2015,8.1971],[81.2041,8.1925],[81.2045,8.184],[81.2106,8.1833],[81.2134,8.1795],[81.2104,8.1728],[81.21,8.1693],[81.2069,8.163],[81.2033,8.1608],[81.1989,8.1611],[81.1919,8.1525],[81.208,8.1488],[81.2132,8.1527],[81.219,8.1552],[81.222,8.1539],[81.2291,8.1576],[81.2315,8.1553],[81.2342,8.161],[81.233,8.164],[81.2345,8.1741],[81.2369,8.1785],[81.2429,8.1791],[81.2397,8.1845],[81.2373,8.1909],[81.2383,8.1959],[81.2431,8.1964],[81.2448,8.201],[81.2487,8.2041],[81.2514,8.21],[81.2521,8.2164],[81.2498,8.2244],[81.2578,8.226],[81.2575,8.231],[81.2634,8.2312],[81.2693,8.2393],[81.2734,8.2426],[81.2734,8.2474],[81.28,8.2498],[81.2812,8.2563],[81.2859,8.2571],[81.2881,8.2611],[81.2982,8.255],[81.3116,8.252],[81.3193,8.2574],[81.3231,8.2616],[81.3303,8.2657],[81.3363,8.2638],[81.3473,8.2647],[81.3538,8.2693],[81.3587,8.2649],[81.3549,8.2593],[81.3611,8.2559],[81.3643,8.258],[81.3691,8.2564],[81.3709,8.2539],[81.3875,8.2532],[81.3939,8.2488],[81.4078,8.2485],[81.4004,8.2859],[81.3978,8.2924],[81.3956,8.3024],[81.3949,8.3097],[81.389,8.3277],[81.3882,8.3415],[81.3895,8.3527],[81.3933,8.3592],[81.387,8.3641],[81.3815,8.377],[81.3767,8.3962],[81.3732,8.4069],[81.3707,8.4179],[81.3696,8.4266],[81.3665,8.4361],[81.3659,8.4422],[81.3619,8.458],[81.353,8.4857],[81.3538,8.4947],[81.3489,8.4982],[81.3482,8.5015],[81.3437,8.5048],[81.3398,8.5054],[81.3368,8.5089],[81.3286,8.5159],[81.3211,8.5251],[81.3173,8.525],[81.3135,8.5198],[81.313,8.5152],[81.3059,8.5121],[81.3025,8.5094],[81.2848,8.5081],[81.2821,8.5045],[81.284,8.4972],[81.2838,8.4926],[81.2862,8.4913],[81.2881,8.4866],[81.2873,8.4804],[81.2852,8.4751],[81.2799,8.4678],[81.2768,8.4652],[81.2708,8.4637],[81.2599,8.4634],[81.2539,8.4607],[81.2484,8.4615],[81.2422,8.4583],[81.2423,8.4622],[81.2324,8.4632],[81.2308,8.4597],[81.2275,8.4618],[81.2227,8.4607],[81.2151,8.4638],[81.2087,8.4676],[81.2036,8.4692],[81.1961,8.4806],[81.194,8.4857],[81.1919,8.4955],[81.1924,8.5023],[81.1911,8.5056],[81.1809,8.5086],[81.1781,8.5119],[81.1691,8.5125],[81.1583,8.5094],[81.153,8.506],[81.1497,8.5072],[81.149,8.5021],[81.1453,8.4969],[81.1456,8.4945],[81.1358,8.4882],[81.1259,8.4962],[81.1224,8.5025],[81.1214,8.5086],[81.1267,8.511],[81.1339,8.5118],[81.1375,8.5193],[81.143,8.5228],[81.1496,8.5317],[81.149,8.5374],[81.1523,8.5395],[81.1549,8.5451],[81.16,8.5436],[81.167,8.5389],[81.1743,8.5316],[81.1776,8.526],[81.1815,8.5323],[81.1819,8.5375],[81.1894,8.5312],[81.1857,8.5235],[81.1872,8.5167],[81.1858,8.513],[81.191,8.5124],[81.1924,8.5086],[81.1988,8.5059],[81.2066,8.5101],[81.2104,8.5092],[81.2109,8.517],[81.2074,8.5194],[81.2071,8.5252],[81.2044,8.5295],[81.2012,8.5296],[81.1991,8.5373],[81.2004,8.5439],[81.1917,8.5455],[81.1936,8.5488],[81.2003,8.5524],[81.193,8.5537],[81.1939,8.5582],[81.1916,8.561],[81.1969,8.5661],[81.1933,8.5686],[81.1924,8.5719],[81.1983,8.5775],[81.2067,8.5706],[81.2161,8.5818],[81.219,8.5841],[81.2218,8.5816],[81.2152,8.5742],[81.2102,8.5709],[81.2126,8.5687],[81.2168,8.5695],[81.2232,8.5757],[81.2277,8.5735],[81.2346,8.5612],[81.2312,8.5553],[81.2218,8.5444],[81.2249,8.5437],[81.2326,8.5459],[81.2266,8.5395],[81.2275,8.5365],[81.2322,8.5361],[81.2333,8.5389],[81.2398,8.5434],[81.2448,8.5444],[81.2463,8.549],[81.2443,8.5548],[81.2461,8.5591],[81.2432,8.5611],[81.2438,8.5647],[81.2401,8.5653],[81.2389,8.5694],[81.2405,8.5763],[81.235,8.5784],[81.2315,8.5818],[81.2257,8.5915],[81.2203,8.6074],[81.2194,8.6196],[81.2269,8.6289],[81.2237,8.6361],[81.2232,8.642],[81.2258,8.6477],[81.2246,8.6551],[81.22,8.6603],[81.2169,8.6612],[81.2151,8.6659],[81.2102,8.6692],[81.2052,8.6754],[81.1934,8.6977],[81.1887,8.7095],[81.1818,8.7193],[81.1775,8.7268],[81.1752,8.7336],[81.1663,8.7391],[81.1561,8.7509],[81.1475,8.7665],[81.143,8.7674],[81.135,8.7749],[81.1221,8.7908],[81.1206,8.7905],[81.1041,8.8159],[81.1,8.8208],[81.0926,8.8339],[81.0902,8.8409],[81.0905,8.847],[81.0886,8.8517],[81.0782,8.8622],[81.0699,8.8602],[81.0679,8.8573],[81.0572,8.8629],[81.0402,8.8802],[81.0301,8.8921],[81.0225,8.9058],[81.0176,8.9172],[81.016,8.9175],[81.0129,8.9273],[81.0074,8.9375],[81.0028,8.9358],[80.9966,8.9419],[80.9865,8.9587],[80.9772,8.9696],[80.9685,8.9833],[80.9659,8.9848],[80.9628,8.982],[80.9599,8.9765],[80.9592,8.9711],[80.965,8.9586],[80.965,8.9535],[80.9633,8.9496],[80.9582,8.9477],[80.9535,8.9516],[80.9401,8.9416],[80.9456,8.9402],[80.9472,8.935],[80.9453,8.9306],[80.941,8.9282],[80.9372,8.9289],[80.936,8.9318],[80.9283,8.9358],[80.9274,8.9306],[80.9249,8.9287],[80.923,8.9343],[80.9202,8.9368],[80.9156,8.9357],[80.9128,8.939],[80.913,8.9448],[80.9116,8.9511],[80.9073,8.948],[80.9073,8.9545],[80.9099,8.9567],[80.9053,8.9613],[80.9061,8.9682],[80.9125,8.9696],[80.9139,8.9667],[80.9204,8.9679],[80.9264,8.964],[80.9295,8.9684],[80.9245,8.9704],[80.918,8.9752],[80.9163,8.9786],[80.9231,8.9842],[80.9267,8.9886],[80.9269,8.9921]]]},"properties":{"zone":"09"}},
{"type":"Feature","geometry":{"type":"Polygon","coordinates":[[[80.9785,7.6165],[80.9793,7.6117],[80.9759,7.5996],[80.9774,7.59],[80.9768,7.5843],[80.9732,7.5778],[80.9717,7.5666],[80.9722,7.5547],[80.972,7.5398],[80.9711,7.534],[80.9727,7.5219],[80.973,7.4989],[80.9751,7.4823],[80.9727,7.4625],[80.9744,7.4504],[80.9742,7.439],[80.9751,7.4258],[80.9705,7.42],[80.9695,7.4156],[80.9701,7.4101],[80.9779,7.4051],[80.9826,7.3948],[80.9823,7.3895],[80.9797,7.3787],[80.9764,7.3729],[80.9755,7.3685],[80.9771,7.3597],[80.9833,7.3454],[80.9878,7.3315],[80.9873,7.3246],[80.9932,7.3067],[80.9999,7.2945],[81.0058,7.269],[81.0093,7.262],[81.0131,7.2467],[81.0129,7.2413],[81.0165,7.2334],[81.016,7.2304],[81.0066,7.2154],[81.0007,7.2134],[80.9895,7.2143],[80.9819,7.2115],[80.9778,7.2034],[80.9744,7.2002],[80.9729,7.1963],[80.9685,7.1975],[80.9632,7.1959],[80.9559,7.1992],[80.9458,7.2004],[80.9422,7.1963],[80.9453,7.188],[80.9487,7.1849],[80.9484,7.1793],[80.9533,7.1758],[80.9546,7.1715],[80.9613,7.1571],[80.959,7.1464],[80.9601,7.1415],[80.9526,7.1456],[80.9492,7.1395],[80.9509,7.1334],[80.9499,7.1298],[80.9565,7.1286],[80.9626,7.1248],[80.9641,7.1192],[80.9582,7.1162],[80.9554,7.1105],[80.9552,7.1054],[80.9513,7.1014],[80.9548,7.0971],[80.9532,7.0902],[80.9578,7.0871],[80.9644,7.0803],[80.9648,7.0769],[80.9596,7.0752],[80.9567,7.0712],[80.9552,7.0628],[80.9503,7.0609],[80.9429,7.0562],[80.9402,7.0528],[80.9392,7.0444],[80.9377,7.0422],[80.9292,7.0382],[80.9299,7.0351],[80.9279,7.0312],[80.929,7.0201],[80.927,7.0135],[80.9246,7.01],[80.9242,7.0021],[80.9223,6.9964],[80.9186,6.9897],[80.9104,6.9847],[80.9046,6.9826],[80.8985,6.9773],[80.8917,6.9785],[80.8768,6.9741],[80.8741,6.9738],[80.8683,6.9774],[80.8622,6.9782],[80.8596,6.9743],[80.8539,6.97],[80.8467,6.9662],[80.8392,6.9578],[80.8335,6.953],[80.8321,6.9461],[80.8318,6.9341],[80.8296,6.9284],[80.8162,6.9192],[80.8114,6.9174],[80.7882,6.9202],[80.7818,6.9216],[80.7783,6.9197],[80.7759,6.913],[80.7787,6.9101],[80.7855,6.9081],[80.7983,6.9065],[80.8028,6.9037],[80.8094,6.9023],[80.8107,6.8993],[80.8084,6.8942],[80.8144,6.8915],[80.8118,6.8798],[80.8182,6.8817],[80.824,6.8765],[80.8202,6.8639],[80.8242,6.8563],[80.8305,6.8543],[80.8314,6.8493],[80.8371,6.8458],[80.8369,6.841],[80.8316,6.8337],[80.8236,6.8302],[80.8201,6.8324],[80.8143,6.8301],[80.8151,6.8229],[80.8175,6.8193],[80.8258,6.8151],[80.8326,6.815],[80.8372,6.8119],[80.8336,6.8068],[80.8337,6.802],[80.8241,6.7928],[80.8177,6.7952],[80.8135,6.7953],[80.8084,6.7919],[80.8125,6.7863],[80.8092,6.7772],[80.8087,6.7716],[80.8129,6.7611],[80.813,6.7555],[80.8212,6.7601],[80.827,6.7617],[80.8279,6.7577],[80.8307,6.7543],[80.834,6.7461],[80.838,6.7443],[80.8482,6.7448],[80.8553,6.7461],[80.8575,6.7424],[80.8583,6.7364],[80.8549,6.7319],[80.8503,6.7301],[80.8552,6.7202],[80.8542,6.719],[80.8425,6.7187],[80.8379,6.7143],[80.8344,6.7144],[80.8316,6.7115],[80.828,6.7112],[80.8235,6.7086],[80.8136,6.7057],[80.8113,6.702],[80.8129,6.6972],[80.8191,6.6943],[80.8249,6.6902],[80.8297,6.6696],[80.8363,6.6668],[80.8482,6.6661],[80.8506,6.6613],[80.8566,6.6575],[80.8636,6.6656],[80.8657,6.6621],[80.8718,6.6637],[80.8778,6.6634],[80.8862,6.6655],[80.8907,6.6756],[80.9009,6.6759],[80.9079,6.6785],[80.9089,6.6835],[80.9135,6.6852],[80.9154,6.6887],[80.9134,6.6921],[80.9176,6.6945],[80.922,6.69],[80.9254,6.6893],[80.9273,6.6859],[80.9241,6.6842],[80.9167,6.6751],[80.9123,6.6707],[80.9121,6.6669],[80.9088,6.663],[80.9071,6.6542],[80.9043,6.6517],[80.9054,6.6465],[80.904,6.6395],[80.8983,6.6374],[80.8902,6.6308],[80.8852,6.6182],[80.8817,6.6137],[80.8765,6.6115],[80.8783,6.6049],[80.8756,6.6008],[80.8766,6.5939],[80.871,6.5937],[80.8695,6.5863],[80.872,6.5843],[80.8713,6.5805],[80.8666,6.5798],[80.8671,6.5746],[80.8608,6.5604],[80.8635,6.5563],[80.8641,6.5513],[80.8584,6.5415],[80.8572,6.5368],[80.8525,6.5304],[80.8487,6.5284],[80.8419,6.5186],[80.8394,6.5131],[80.8329,6.5038],[80.8326,6.5006],[80.8281,6.4917],[80.8306,6.4883],[80.8308,6.4821],[80.8324,6.4757],[80.8379,6.4659],[80.8387,6.4607],[80.8431,6.4561],[80.8393,6.4477],[80.8408,6.4432],[80.8372,6.4418],[80.8367,6.4389],[80.8425,6.4355],[80.8379,6.427],[80.8386,6.4221],[80.8427,6.4169],[80.8444,6.407],[80.8433,6.4041],[80.8388,6.4017],[80.8451,6.3942],[80.8472,6.3862],[80.8532,6.3836],[80.8555,6.3741],[80.8625,6.3697],[80.8668,6.3558],[80.8718,6.3564],[80.8761,6.3547],[80.8892,6.3518],[80.8984,6.3485],[80.903,6.3439],[80.9024,6.3374],[80.9093,6.3326],[80.906,6.3274],[80.9066,6.322],[80.9128,6.3146],[80.9184,6.3016],[80.9214,6.2965],[80.9292,6.3033],[80.9324,6.3035],[80.9453,6.31],[80.9486,6.3101],[80.9561,6.3137],[80.9653,6.3197],[80.967,6.3242],[80.973,6.3266],[80.9763,6.3262],[80.9825,6.3283],[80.9924,6.334],[80.9987,6.335],[81.0155,6.3432],[81.0191,6.346],[81.0201,6.3543],[81.0226,6.3589],[81.0185,6.3661],[81.0135,6.3691],[81.0087,6.368],[81.0071,6.3707],[81.0067,6.3788],[81.0088,6.3829],[81.009,6.3893],[81.0119,6.3951],[81.0148,6.396],[81.0281,6.3933],[81.0329,6.3934],[81.037,6.3913],[81.041,6.3969],[81.0458,6.4015],[81.0494,6.4068],[81.0488,6.4134],[81.0534,6.4164],[81.0616,6.4113],[81.0673,6.4139],[81.0708,6.4207],[81.0787,6.4242],[81.0891,6.4241],[81.0943,6.4226],[81.0997,6.4186],[81.1105,6.4209],[81.1276,6.4204],[81.1356,6.4213],[81.1376,6.42],[81.1378,6.4144],[81.1417,6.4106],[81.1446,6.3975],[81.1506,6.3997],[81.1532,6.398],[81.1542,6.3939],[81.1584,6.3925],[81.1668,6.3937],[81.1702,6.4001],[81.1701,6.4028],[81.1767,6.4032],[81.1801,6.4059],[81.1843,6.4055],[81.1902,6.4017],[81.1916,6.395],[81.1965,6.3907],[81.1986,6.3859],[81.2034,6.3833],[81.2035,6.3784],[81.2128,6.3651],[81.2215,6.3605],[81.2244,6.3578],[81.2211,6.3495],[81.2256,6.3447],[81.2297,6.3448],[81.2353,6.3414],[81.2457,6.3434],[81.2535,6.3408],[81.2568,6.3437],[81.2631,6.3461],[81.2735,6.3551],[81.2755,6.3663],[81.2784,6.3691],[81.2891,6.373],[81.295,6.3728],[81.2994,6.374],[81.3125,6.38],[81.317,6.3753],[81.3274,6.3823],[81.3321,6.3798],[81.3418,6.3828],[81.348,6.3861],[81.3507,6.3893],[81.3602,6.3909],[81.3683,6.3914],[81.371,6.3966],[81.3746,6.3982],[81.3815,6.3973],[81.3851,6.3996],[81.3933,6.4147],[81.3988,6.4139],[81.3987,6.4097],[81.4008,6.4064],[81.413,6.4092],[81.4199,6.4092],[81.426,6.4145],[81.4267,6.4171],[81.4364,6.4168],[81.4383,6.4199],[81.4449,6.4182],[81.447,6.4144],[81.4621,6.4126],[81.4655,6.408],[81.4681,6.4069],[81.4734,6.4089],[81.4775,6.4142],[81.4798,6.4193],[81.4778,6.4329],[81.4791,6.4395],[81.476,6.4474],[81.4858,6.4617],[81.4862,6.4657],[81.4796,6.4717],[81.4805,6.4772],[81.4784,6.4868],[81.4821,6.4958],[81.4873,6.498],[81.4904,6.5024],[81.5021,6.5107],[81.5095,6.5148],[81.5169,6.5164],[81.524,6.5197],[81.5282,6.5288],[81.5321,6.5351],[81.539,6.5382],[81.5431,6.5362],[81.5469,6.5365],[81.5633,6.5531],[81.5678,6.5544],[81.573,6.5521],[81.5818,6.5509],[81.5874,6.5567],[81.5879,6.5597],[81.5943,6.5625],[81.6009,6.5622],[81.6049,6.5688],[81.6083,6.58],[81.6102,6.594],[81.6118,6.6263],[81.6128,6.6384],[81.6155,6.6809],[81.6171,6.6906],[81.6182,6.7129],[81.6191,6.7373],[81.6191,6.7561],[81.6207,6.7743],[81.6218,6.7984],[81.623,6.8123],[81.624,6.8142],[81.6258,6.8373],[81.6269,6.8578],[81.6281,6.8707],[81.6287,6.913],[81.634,6.9403],[81.6338,6.9439],[81.6372,6.96],[81.6355,6.9633],[81.6302,6.9685],[81.6267,6.9696],[81.6188,6.9774],[81.6172,6.9808],[81.6202,6.9893],[81.6209,6.9984],[81.6189,7.0013],[81.6139,7.0037],[81.6141,7.011],[81.6126,7.0164],[81.6072,7.0259],[81.6074,7.0296],[81.6111,7.038],[81.6115,7.0417],[81.6174,7.0459],[81.6191,7.0528],[81.6152,7.0631],[81.6142,7.0685],[81.6016,7.0705],[81.5961,7.0696],[81.5873,7.0745],[81.5797,7.0763],[81.5715,7.082],[81.5657,7.0809],[81.5598,7.082],[81.5524,7.0853],[81.5484,7.086],[81.5377,7.0911],[81.5313,7.091],[81.518,7.1],[81.5154,7.103],[81.5157,7.109],[81.5113,7.1179],[81.5129,7.1275],[81.5111,7.131],[81.5134,7.1363],[81.5096,7.1412],[81.5039,7.1451],[81.5001,7.1498],[81.5001,7.1548],[81.5057,7.1664],[81.5113,7.1794],[81.5148,7.1842],[81.5224,7.1976],[81.529,7.2046],[81.5342,7.2076],[81.5437,7.2146],[81.5531,7.2176],[81.5511,7.2231],[81.5477,7.2252],[81.545,7.2305],[81.5421,7.2331],[81.5381,7.2332],[81.534,7.24],[81.5244,7.2415],[81.5229,7.2449],[81.5276,7.2536],[81.5244,7.2608],[81.5242,7.2705],[81.5176,7.2805],[81.5207,7.2847],[81.5188,7.2903],[81.5129,7.2981],[81.4977,7.3044],[81.4874,7.3144],[81.4803,7.3222],[81.4798,7.328],[81.4836,7.3297],[81.4908,7.3378],[81.4879,7.3497],[81.4855,7.357],[81.4812,7.3746],[81.4785,7.3822],[81.4732,7.391],[81.4723,7.3941],[81.4725,7.4042],[81.4762,7.4197],[81.4756,7.4231],[81.4709,7.4236],[81.464,7.4262],[81.4622,7.4314],[81.4715,7.4443],[81.4748,7.4471],[81.4791,7.454],[81.4717,7.4569],[81.4636,7.4565],[81.4564,7.4584],[81.4485,7.4536],[81.4437,7.4486],[81.4363,7.4436],[81.4281,7.4413],[81.4248,7.4415],[81.4227,7.4365],[81.4086,7.4336],[81.4069,7.4299],[81.4089,7.4224],[81.4066,7.4173],[81.4003,7.4156],[81.3888,7.4079],[81.3833,7.408],[81.377,7.4108],[81.3738,7.4053],[81.3737,7.3976],[81.3753,7.3936],[81.3803,7.3878],[81.3814,7.3775],[81.3851,7.3737],[81.386,7.3699],[81.3767,7.3621],[81.3735,7.3582],[81.3659,7.3583],[81.3632,7.3569],[81.3528,7.3636],[81.3426,7.3664],[81.3372,7.3735],[81.3319,7.3777],[81.3275,7.3784],[81.3234,7.3811],[81.3185,7.3888],[81.3222,7.3898],[81.3254,7.3973],[81.3175,7.4006],[81.3098,7.3985],[81.3072,7.3956],[81.3018,7.3958],[81.294,7.3915],[81.2906,7.396],[81.2892,7.4051],[81.2987,7.4025],[81.3007,7.409],[81.3057,7.413],[81.3101,7.415],[81.3044,7.4183],[81.3109,7.4248],[81.3163,7.4338],[81.32,7.4421],[81.3106,7.4546],[81.3029,7.4547],[81.3019,7.4563],[81.3001,7.4713],[81.3016,7.4794],[81.2969,7.4815],[81.2778,7.5111],[81.2829,7.5145],[81.2989,7.5215],[81.2942,7.5304],[81.2894,7.5427],[81.2837,7.5496],[81.2826,7.5535],[81.2742,7.5609],[81.2689,7.5698],[81.2671,7.5747],[81.2633,7.5764],[81.2594,7.5855],[81.2498,7.5923],[81.2432,7.5916],[81.2319,7.5887],[81.2259,7.5887],[81.2192,7.5906],[81.2141,7.598],[81.2138,7.6046],[81.2071,7.6123],[81.2041,7.6216],[81.2069,7.6227],[81.212,7.6386],[81.211,7.6409],[81.201,7.651],[81.1928,7.6574],[81.1874,7.6515],[81.1827,7.6626],[81.1767,7.6666],[81.1737,7.665],[81.1736,7.6592],[81.1763,7.6592],[81.177,7.6531],[81.1698,7.6523],[81.1692,7.6475],[81.1671,7.6446],[81.1627,7.6479],[81.156,7.6439],[81.1488,7.6452],[81.1489,7.6489],[81.1452,7.6574],[81.1373,7.6537],[81.1304,7.6557],[81.124,7.6605],[81.1172,7.6636],[81.1126,7.6644],[81.1096,7.6608],[81.1059,7.6646],[81.1028,7.6605],[81.0999,7.6627],[81.1012,7.6659],[81.1002,7.6719],[81.1019,7.6769],[81.0955,7.6789],[81.0957,7.6884],[81.1004,7.6911],[81.1074,7.6934],[81.1083,7.703],[81.1084,7.7036],[81.1084,7.7037],[81.1085,7.7041],[81.1086,7.7049],[81.1074,7.7143],[81.1042,7.7216],[81.1015,7.721],[81.0997,7.7215],[81.0994,7.7219],[81.0989,7.7216],[81.0985,7.7216],[81.0982,7.7217],[81.098,7.7216],[81.0978,7.7217],[81.0977,7.7217],[81.0963,7.723],[81.096,7.724],[81.0961,7.724],[81.0962,7.7241],[81.0963,7.7243],[81.0957,7.7248],[81.0959,7.7256],[81.0953,7.7262],[81.095,7.7282],[81.0903,7.726],[81.088,7.7279],[81.0842,7.7282],[81.0838,7.7279],[81.0828,7.7272],[81.0808,7.7263],[81.0784,7.7203],[81.0736,7.7161],[81.0629,7.7178],[81.0597,7.7228],[81.0604,7.7252],[81.0604,7.7254],[81.0604,7.7256],[81.0601,7.7264],[81.0594,7.7277],[81.0571,7.729],[81.0566,7.7311],[81.0508,7.7367],[81.0542,7.722],[81.0514,7.7218],[81.0515,7.7206],[81.051,7.72],[81.0508,7.7198],[81.0505,7.7196],[81.0501,7.7193],[81.0498,7.7191],[81.0475,7.7171],[81.046,7.7116],[81.0434,7.7119],[81.0412,7.7056],[81.0364,7.7029],[81.0363,7.7079],[81.0344,7.7112],[81.0367,7.7146],[81.032,7.7182],[81.0244,7.718],[81.0222,7.7138],[81.0173,7.7163],[81.0163,7.7202],[81.0162,7.7203],[81.0162,7.7205],[81.0153,7.7201],[81.0138,7.7203],[81.0118,7.7221],[81.0103,7.7275],[81.0057,7.7298],[81.0048,7.7262],[80.9984,7.723],[80.9907,7.7232],[80.9861,7.7248],[80.9863,7.7225],[80.9864,7.7218],[80.9864,7.7213],[80.9865,7.7203],[80.9869,7.7162],[80.9882,7.7103],[80.9884,7.7044],[80.9903,7.6989],[80.9897,7.6952],[80.9866,7.6914],[80.9865,7.6864],[80.9898,7.682],[80.9924,7.6759],[80.9937,7.666],[80.9941,7.6647],[80.9944,7.6632],[80.9945,7.6631],[80.9947,7.6624],[80.9947,7.6594],[80.9944,7.6579],[80.9921,7.6554],[80.989,7.6526],[80.9839,7.6429],[80.982,7.6344],[80.9784,7.6272],[80.9783,7.627],[80.9783,7.6269],[80.9783,7.6268],[80.9783,7.6267],[80.9782,7.6266],[80.9781,7.6263],[80.9777,7.6239],[80.9775,7.6213],[80.9785,7.6165]],[[81.2843,7.2417],[81.2937,7.2485],[81.2997,7.2565],[81.3063,7.2598],[81.3135,7.2619],[81.3195,7.2649],[81.3175,7.2729],[81.3152,7.2778],[81.3197,7.2886],[81.3193,7.2928],[81.3226,7.298],[81.3182,7.3033],[81.3153,7.3099],[81.3142,7.3162],[81.3178,7.3234],[81.3178,7.3317],[81.3216,7.3275],[81.318,7.3158],[81.3185,7.311],[81.325,7.2991],[81.3222,7.2936],[81.3221,7.2871],[81.319,7.2779],[81.3231,7.264],[81.3148,7.2605],[81.3051,7.2574],[81.3004,7.2537],[81.2943,7.2462],[81.2864,7.2408],[81.2843,7.2417]]]},"properties":{"zone":"10"}},
{"type":"Feature","geometry":{"type":"Polygon","coordinates":[[[80.1956,7.2582],[80.1998,7.2506],[80.2002,7.2449],[80.1958,7.2409],[80.1884,7.2377],[80.1866,7.2352],[80.1896,7.2264],[80.189,7.2209],[80.1846,7.2132],[80.1865,7.2049],[80.1831,7.1996],[80.1843,7.1963],[80.1815,7.1936],[80.1698,7.1958],[80.1674,7.1935],[80.1607,7.1932],[80.1609,7.1868],[80.1595,7.1846],[80.1548,7.1869],[80.1541,7.1915],[80.1469,7.1899],[80.1458,7.1875],[80.1534,7.1832],[80.1549,7.1735],[80.1572,7.164],[80.1563,7.1559],[80.1544,7.1532],[80.1599,7.1306],[80.1627,7.1269],[80.1679,7.128],[80.1717,7.1325],[80.1766,7.133],[80.1833,7.1383],[80.1944,7.1377],[80.1981,7.135],[80.2027,7.1375],[80.2119,7.1335],[80.2123,7.1302],[80.2072,7.1281],[80.2033,7.1195],[80.1992,7.1171],[80.1964,7.1116],[80.1962,7.1024],[80.1855,7.1045],[80.1873,7.1008],[80.188,7.0899],[80.177,7.0827],[80.174,7.073],[80.167,7.0673],[80.1667,7.0624],[80.1629,7.0587],[80.1634,7.0546],[80.1681,7.0475],[80.1679,7.041],[80.1703,7.034],[80.1711,7.0219],[80.1747,7.015],[80.1784,7.0004],[80.1811,6.9961],[80.1818,6.9896],[80.1812,6.9814],[80.1792,6.9777],[80.1836,6.975],[80.1894,6.9784],[80.1992,6.9762],[80.2072,6.9787],[80.2171,6.9753],[80.2182,6.9726],[80.2173,6.9631],[80.2175,6.9564],[80.2226,6.9497],[80.2232,6.9417],[80.2221,6.938],[80.2188,6.9367],[80.21,6.9388],[80.2082,6.9368],[80.2123,6.9253],[80.2127,6.92],[80.2094,6.915],[80.2047,6.9134],[80.2005,6.9087],[80.2004,6.9049],[80.1946,6.9041],[80.1887,6.8979],[80.1901,6.8926],[80.1837,6.8865],[80.1833,6.8814],[80.1795,6.8663],[80.175,6.8599],[80.1794,6.8566],[80.1915,6.854],[80.1946,6.8505],[80.1954,6.8467],[80.1983,6.8422],[80.1992,6.8355],[80.2026,6.8298],[80.2021,6.8194],[80.1995,6.8154],[80.1907,6.8144],[80.1883,6.8155],[80.1796,6.8147],[80.1767,6.8121],[80.1809,6.7967],[80.1867,6.7913],[80.1866,6.7876],[80.1901,6.7856],[80.1922,6.7796],[80.1896,6.7721],[80.1925,6.761],[80.1998,6.7479],[80.2041,6.7386],[80.2057,6.7317],[80.1986,6.7304],[80.2014,6.7264],[80.2137,6.6993],[80.2158,6.6919],[80.2201,6.691],[80.229,6.6779],[80.2391,6.671],[80.2455,6.6643],[80.2514,6.6541],[80.2516,6.6459],[80.2491,6.6427],[80.2495,6.637],[80.2537,6.6315],[80.2548,6.6274],[80.2613,6.6224],[80.272,6.6197],[80.2744,6.6179],[80.2818,6.6183],[80.2858,6.6148],[80.2935,6.6039],[80.3032,6.5959],[80.3114,6.5761],[80.3143,6.5717],[80.3066,6.5687],[80.2984,6.5666],[80.2952,6.5623],[80.3014,6.5532],[80.3046,6.5468],[80.3054,6.5378],[80.313,6.5342],[80.3276,6.5121],[80.3386,6.4939],[80.3381,6.4931],[80.3563,6.4689],[80.3613,6.4587],[80.3704,6.446],[80.3762,6.4399],[80.3803,6.4342],[80.3793,6.4283],[80.3813,6.4256],[80.3866,6.4197],[80.3966,6.4122],[80.4001,6.4077],[80.4141,6.397],[80.4175,6.3935],[80.4228,6.391],[80.4325,6.3895],[80.4359,6.3933],[80.4405,6.3947],[80.4513,6.3877],[80.457,6.388],[80.4661,6.3855],[80.4721,6.3782],[80.474,6.38],[80.4813,6.381],[80.491,6.3801],[80.4942,6.3767],[80.4953,6.3676],[80.504,6.3676],[80.5078,6.3705],[80.5133,6.3697],[80.528,6.3743],[80.5328,6.3741],[80.5335,6.3873],[80.5361,6.3895],[80.5429,6.3887],[80.5451,6.3899],[80.5452,6.3946],[80.5496,6.3961],[80.5521,6.3948],[80.5549,6.3895],[80.5653,6.3943],[80.5721,6.3939],[80.5788,6.3906],[80.5818,6.393],[80.597,6.3975],[80.6025,6.3961],[80.6109,6.3966],[80.6143,6.395],[80.6197,6.3958],[80.6207,6.3904],[80.6191,6.3853],[80.6156,6.3811],[80.6175,6.3711],[80.6096,6.3658],[80.6065,6.3588],[80.6119,6.3452],[80.6159,6.3474],[80.6282,6.3495],[80.6305,6.3512],[80.642,6.352],[80.6508,6.3535],[80.662,6.353],[80.6632,6.3452],[80.6608,6.3398],[80.6572,6.3372],[80.6602,6.3329],[80.6628,6.3319],[80.6645,6.3273],[80.6716,6.3265],[80.6752,6.3218],[80.6697,6.3187],[80.6706,6.3088],[80.6701,6.306],[80.6743,6.3052],[80.6858,6.3075],[80.6984,6.308],[80.7066,6.3056],[80.7118,6.3008],[80.722,6.3],[80.7276,6.297],[80.7324,6.2966],[80.7411,6.2896],[80.7503,6.2866],[80.7629,6.2803],[80.771,6.2796],[80.7753,6.2769],[80.7816,6.2754],[80.7886,6.2693],[80.798,6.2671],[80.8029,6.2676],[80.8073,6.2658],[80.8169,6.2668],[80.8182,6.2658],[80.8278,6.2661],[80.8301,6.2684],[80.8376,6.2695],[80.8456,6.2692],[80.8547,6.2722],[80.8604,6.2699],[80.8652,6.2693],[80.8703,6.2655],[80.8735,6.2598],[80.8785,6.2534],[80.882,6.2463],[80.8926,6.2491],[80.8975,6.2448],[80.9022,6.2433],[80.9104,6.2381],[80.9201,6.2385],[80.9311,6.2401],[80.934,6.2363],[80.9339,6.2331],[80.9381,6.2282],[80.9468,6.2368],[80.9489,6.235],[80.9532,6.2371],[80.9524,6.2405],[80.9477,6.2451],[80.9474,6.2515],[80.9414,6.2609],[80.9418,6.2691],[80.9399,6.272],[80.9341,6.2729],[80.9344,6.2805],[80.9311,6.2883],[80.9265,6.294],[80.9214,6.2965],[80.9184,6.3016],[80.9128,6.3146],[80.9066,6.322],[80.906,6.3274],[80.9093,6.3326],[80.9024,6.3374],[80.903,6.3439],[80.8984,6.3485],[80.8892,6.3518],[80.8761,6.3547],[80.8718,6.3564],[80.8668,6.3558],[80.8625,6.3697],[80.8555,6.3741],[80.8532,6.3836],[80.8472,6.3862],[80.8451,6.3942],[80.8388,6.4017],[80.8433,6.4041],[80.8444,6.407],[80.8427,6.4169],[80.8386,6.4221],[80.8379,6.427],[80.8425,6.4355],[80.8367,6.4389],[80.8372,6.4418],[80.8408,6.4432],[80.8393,6.4477],[80.8431,6.4561],[80.8387,6.4607],[80.8379,6.4659],[80.8324,6.4757],[80.8308,6.4821],[80.8306,6.4883],[80.8281,6.4917],[80.8326,6.5006],[80.8329,6.5038],[80.8394,6.5131],[80.8419,6.5186],[80.8487,6.5284],[80.8525,6.5304],[80.8572,6.5368],[80.8584,6.5415],[80.8641,6.5513],[80.8635,6.5563],[80.8608,6.5604],[80.8671,6.5746],[80.8666,6.5798],[80.8713,6.5805],[80.872,6.5843],[80.8695,6.5863],[80.871,6.5937],[80.8766,6.5939],[80.8756,6.6008],[80.8783,6.6049],[80.8765,6.6115],[80.8817,6.6137],[80.8852,6.6182],[80.8902,6.6308],[80.8983,6.6374],[80.904,6.6395],[80.9054,6.6465],[80.9043,6.6517],[80.9071,6.6542],[80.9088,6.663],[80.9121,6.6669],[80.9123,6.6707],[80.9167,6.6751],[80.9241,6.6842],[80.9273,6.6859],[80.9254,6.6893],[80.922,6.69],[80.9176,6.6945],[80.9134,6.6921],[80.9154,6.6887],[80.9135,6.6852],[80.9089,6.6835],[80.9079,6.6785],[80.9009,6.6759],[80.8907,6.6756],[80.8862,6.6655],[80.8778,6.6634],[80.8718,6.6637],[80.8657,6.6621],[80.8636,6.6656],[80.8566,6.6575],[80.8506,6.6613],[80.8482,6.6661],[80.8363,6.6668],[80.8297,6.6696],[80.8249,6.6902],[80.8191,6.6943],[80.8129,6.6972],[80.8113,6.702],[80.8136,6.7057],[80.8235,6.7086],[80.828,6.7112],[80.8316,6.7115],[80.8344,6.7144],[80.8379,6.7143],[80.8425,6.7187],[80.8542,6.719],[80.8552,6.7202],[80.8503,6.7301],[80.8549,6.7319],[80.8583,6.7364],[80.8575,6.7424],[80.8553,6.7461],[80.8482,6.7448],[80.838,6.7443],[80.834,6.7461],[80.8307,6.7543],[80.8279,6.7577],[80.827,6.7617],[80.8212,6.7601],[80.813,6.7555],[80.8129,6.7611],[80.8087,6.7716],[80.8092,6.7772],[80.8125,6.7863],[80.8084,6.7919],[80.8021,6.7882],[80.8009,6.7859],[80.7936,6.7806],[80.7893,6.774],[80.7838,6.7743],[80.7745,6.7784],[80.7584,6.7678],[80.7529,6.7625],[80.7434,6.7586],[80.7389,6.7618],[80.734,6.7634],[80.7263,6.7616],[80.7215,6.7589],[80.7117,6.7587],[80.7074,6.755],[80.7013,6.7558],[80.6941,6.7592],[80.6795,6.7603],[80.6748,6.7593],[80.6699,6.7604],[80.6639,6.7601],[80.6599,6.7612],[80.659,6.7542],[80.6538,6.7512],[80.6426,6.754],[80.6354,6.7534],[80.6294,6.7546],[80.6211,6.7581],[80.6151,6.7594],[80.6078,6.7588],[80.5843,6.7636],[80.5738,6.7637],[80.5697,6.765],[80.5594,6.7707],[80.5556,6.7699],[80.5498,6.7715],[80.5433,6.7757],[80.5383,6.7745],[80.528,6.768],[80.5249,6.769],[80.5101,6.7774],[80.5014,6.7783],[80.4962,6.7822],[80.49,6.792],[80.4886,6.7966],[80.4912,6.8],[80.4949,6.7998],[80.4977,6.8063],[80.5008,6.8069],[80.5019,6.8105],[80.4965,6.81],[80.4921,6.8159],[80.4917,6.8199],[80.496,6.8317],[80.5038,6.8357],[80.5105,6.8452],[80.5112,6.8492],[80.5094,6.8528],[80.5,6.8581],[80.5005,6.864],[80.4953,6.871],[80.4948,6.8758],[80.4978,6.8797],[80.498,6.887],[80.4913,6.8932],[80.4873,6.893],[80.4792,6.8987],[80.4735,6.8981],[80.4674,6.9018],[80.4625,6.8998],[80.4593,6.9005],[80.4548,6.9061],[80.4483,6.9068],[80.4428,6.9107],[80.433,6.9136],[80.4355,6.9216],[80.4375,6.9226],[80.4373,6.9314],[80.4386,6.9369],[80.4391,6.9455],[80.4373,6.9526],[80.4387,6.958],[80.4439,6.9617],[80.4456,6.9655],[80.4442,6.9684],[80.4441,6.9746],[80.4378,6.9784],[80.4361,6.9841],[80.4324,6.9857],[80.4336,6.9942],[80.4376,6.9981],[80.4479,6.9981],[80.4515,7.0031],[80.4561,7.006],[80.4605,7.0127],[80.4635,7.013],[80.4677,7.0179],[80.4675,7.0203],[80.4609,7.0313],[80.4604,7.0431],[80.4638,7.0575],[80.4697,7.0618],[80.4659,7.0643],[80.4597,7.0779],[80.4575,7.0908],[80.4552,7.0944],[80.4542,7.1013],[80.451,7.106],[80.4453,7.1113],[80.4463,7.1143],[80.452,7.1178],[80.4558,7.1221],[80.4647,7.1228],[80.4695,7.1222],[80.4755,7.1248],[80.4784,7.1275],[80.4807,7.1247],[80.4932,7.1284],[80.4989,7.1276],[80.5025,7.1345],[80.5063,7.1336],[80.5066,7.1378],[80.5093,7.141],[80.5096,7.1476],[80.5118,7.1498],[80.5185,7.1495],[80.5214,7.1515],[80.5253,7.1472],[80.5295,7.1516],[80.535,7.1515],[80.5321,7.1581],[80.5288,7.1609],[80.5334,7.166],[80.5418,7.1656],[80.5479,7.1677],[80.5451,7.1786],[80.5365,7.1837],[80.5263,7.1977],[80.5198,7.2027],[80.5166,7.2034],[80.5133,7.2081],[80.5126,7.213],[80.5212,7.218],[80.5225,7.2237],[80.5217,7.2296],[80.5225,7.2345],[80.5182,7.2415],[80.5102,7.2456],[80.509,7.2528],[80.504,7.258],[80.4933,7.2587],[80.4883,7.2628],[80.4795,7.2636],[80.4799,7.271],[80.4832,7.2801],[80.4814,7.2848],[80.4742,7.2913],[80.4694,7.2972],[80.4633,7.3028],[80.4571,7.3069],[80.4543,7.3135],[80.4393,7.3193],[80.4313,7.3264],[80.4265,7.3323],[80.4242,7.3457],[80.4223,7.3493],[80.4221,7.3552],[80.4144,7.3567],[80.4171,7.3683],[80.4164,7.3742],[80.4116,7.383],[80.4075,7.386],[80.401,7.3876],[80.3923,7.3965],[80.3805,7.3943],[80.377,7.3919],[80.3569,7.3866],[80.3472,7.3877],[80.3457,7.3814],[80.3493,7.3786],[80.3522,7.3724],[80.3559,7.3611],[80.3538,7.3563],[80.3486,7.3557],[80.3424,7.3511],[80.3443,7.3438],[80.35,7.3392],[80.3459,7.3318],[80.3436,7.3298],[80.3382,7.3212],[80.321,7.3287],[80.318,7.3217],[80.3125,7.3229],[80.3103,7.3211],[80.3014,7.3179],[80.2885,7.315],[80.2793,7.3184],[80.2742,7.3149],[80.2652,7.3105],[80.2625,7.3078],[80.2548,7.3045],[80.2515,7.3012],[80.245,7.2971],[80.2258,7.2819],[80.2138,7.2747],[80.2044,7.2595],[80.1956,7.2582]]]},"properties":{"zone":"11"}},
{"type":"Feature","geometry":{"type":"Polygon","coordinates":[[[79.9876,6.4404],[79.9912,6.4358],[79.9938,6.4296],[79.9963,6.4152],[80.0039,6.4003],[80.0037,6.3955],[80.0077,6.3867],[80.0093,6.3783],[80.0084,6.3767],[80.0113,6.3703],[80.011,6.3669],[80.0158,6.359],[80.0174,6.354],[80.0284,6.331],[80.0304,6.3222],[80.0284,6.3139],[80.0336,6.3064],[80.0363,6.3001],[80.0378,6.2928],[80.0343,6.2826],[80.0354,6.276],[80.033,6.2694],[80.0367,6.2613],[80.0379,6.2557],[80.0469,6.2438],[80.0481,6.2393],[80.0516,6.2361],[80.0531,6.2268],[80.0635,6.2028],[80.0617,6.1961],[80.063,6.1907],[80.081,6.1746],[80.0886,6.1661],[80.0913,6.156],[80.094,6.1545],[80.0987,6.1484],[80.0989,6.1377],[80.0998,6.1312],[80.106,6.1258],[80.1132,6.121],[80.1243,6.1097],[80.1242,6.1018],[80.1316,6.0956],[80.1384,6.0913],[80.1477,6.0833],[80.1479,6.081],[80.1572,6.0739],[80.1627,6.071],[80.1724,6.0638],[80.177,6.0578],[80.18,6.0521],[80.1869,6.0472],[80.1914,6.0427],[80.2027,6.0392],[80.2086,6.0363],[80.2132,6.0316],[80.2139,6.0268],[80.2176,6.0238],[80.2195,6.0291],[80.2175,6.0312],[80.2208,6.0352],[80.2257,6.0367],[80.2296,6.0356],[80.2324,6.0322],[80.2386,6.0324],[80.242,6.0286],[80.2405,6.0263],[80.2403,6.0201],[80.2363,6.017],[80.2365,6.0126],[80.2403,6.0078],[80.2437,6.0074],[80.2491,6.0096],[80.255,6.0055],[80.2565,6.003],[80.2646,5.9988],[80.2676,5.9995],[80.2877,5.9951],[80.3079,5.9928],[80.3176,5.9905],[80.3317,5.9836],[80.3405,5.9802],[80.3437,5.9802],[80.3586,5.9739],[80.3614,5.9722],[80.3741,5.9676],[80.3793,5.9649],[80.3903,5.965],[80.3964,5.9614],[80.4092,5.9579],[80.4127,5.9588],[80.4183,5.955],[80.4217,5.96],[80.4216,5.9643],[80.4269,5.9709],[80.4363,5.9726],[80.449,5.9678],[80.4539,5.9633],[80.4546,5.9602],[80.4515,5.9563],[80.4529,5.9504],[80.4509,5.947],[80.4468,5.9452],[80.4538,5.9412],[80.4575,5.9447],[80.4672,5.9409],[80.4738,5.9375],[80.4856,5.9368],[80.491,5.9398],[80.5017,5.9394],[80.505,5.9373],[80.522,5.9356],[80.5324,5.9374],[80.5435,5.9431],[80.5573,5.9415],[80.573,5.9376],[80.5823,5.9311],[80.5855,5.9244],[80.5854,5.9202],[80.591,5.9191],[80.5944,5.9211],[80.5943,5.9254],[80.599,5.9252],[80.6201,5.9327],[80.6172,5.9359],[80.6209,5.9384],[80.6214,5.9438],[80.6267,5.9469],[80.6295,5.9458],[80.6365,5.9479],[80.6416,5.9451],[80.6416,5.9495],[80.6436,5.9525],[80.6495,5.9548],[80.6741,5.9594],[80.6775,5.9583],[80.6849,5.9599],[80.6889,5.9626],[80.6974,5.9634],[80.7006,5.9594],[80.716,5.9599],[80.7188,5.9616],[80.7192,5.9703],[80.7233,5.9738],[80.7241,5.9787],[80.722,5.9816],[80.7149,5.9851],[80.7103,5.9894],[80.6998,5.9937],[80.6984,5.991],[80.6883,5.9907],[80.6896,5.9943],[80.6871,6.0041],[80.6869,6.0086],[80.6962,6.0121],[80.6989,6.0177],[80.6946,6.0208],[80.693,6.026],[80.6857,6.0274],[80.6762,6.0264],[80.6694,6.0246],[80.6666,6.0253],[80.6663,6.0306],[80.6638,6.0389],[80.655,6.0431],[80.6607,6.0519],[80.6642,6.0535],[80.6704,6.054],[80.6742,6.0555],[80.6777,6.0604],[80.685,6.0625],[80.6879,6.0596],[80.6921,6.0632],[80.6937,6.0737],[80.6901,6.0802],[80.682,6.0895],[80.6834,6.0955],[80.6802,6.1001],[80.6817,6.1056],[80.6842,6.1088],[80.696,6.1155],[80.6928,6.1221],[80.689,6.1239],[80.6792,6.122],[80.6752,6.1221],[80.6658,6.1192],[80.6625,6.1207],[80.6605,6.1285],[80.6541,6.1329],[80.65,6.1327],[80.6468,6.1349],[80.6466,6.1408],[80.6516,6.1469],[80.6551,6.1487],[80.6568,6.1523],[80.656,6.1562],[80.6623,6.1664],[80.6602,6.1736],[80.6564,6.173],[80.6518,6.1693],[80.6387,6.1711],[80.6354,6.171],[80.6348,6.1768],[80.6288,6.1813],[80.625,6.1828],[80.6193,6.1826],[80.6115,6.1885],[80.6083,6.1996],[80.6098,6.2055],[80.6182,6.2172],[80.6242,6.2227],[80.6248,6.2285],[80.6295,6.2417],[80.64,6.254],[80.645,6.2569],[80.651,6.2575],[80.6609,6.26],[80.6573,6.2669],[80.6527,6.271],[80.6543,6.2765],[80.6589,6.2808],[80.6636,6.2873],[80.6634,6.2931],[80.6594,6.2974],[80.6567,6.3026],[80.6628,6.3052],[80.6701,6.306],[80.6706,6.3088],[80.6697,6.3187],[80.6752,6.3218],[80.6716,6.3265],[80.6645,6.3273],[80.6628,6.3319],[80.6602,6.3329],[80.6572,6.3372],[80.6608,6.3398],[80.6632,6.3452],[80.662,6.353],[80.6508,6.3535],[80.642,6.352],[80.6305,6.3512],[80.6282,6.3495],[80.6159,6.3474],[80.6119,6.3452],[80.6065,6.3588],[80.6096,6.3658],[80.6175,6.3711],[80.6156,6.3811],[80.6191,6.3853],[80.6207,6.3904],[80.6197,6.3958],[80.6143,6.395],[80.6109,6.3966],[80.6025,6.3961],[80.597,6.3975],[80.5818,6.393],[80.5788,6.3906],[80.5721,6.3939],[80.5653,6.3943],[80.5549,6.3895],[80.5521,6.3948],[80.5496,6.3961],[80.5452,6.3946],[80.5451,6.3899],[80.5429,6.3887],[80.5361,6.3895],[80.5335,6.3873],[80.5328,6.3741],[80.528,6.3743],[80.5133,6.3697],[80.5078,6.3705],[80.504,6.3676],[80.4953,6.3676],[80.4942,6.3767],[80.491,6.3801],[80.4813,6.381],[80.474,6.38],[80.4721,6.3782],[80.4661,6.3855],[80.457,6.388],[80.4513,6.3877],[80.4405,6.3947],[80.4359,6.3933],[80.4325,6.3895],[80.4228,6.391],[80.4175,6.3935],[80.4141,6.397],[80.4001,6.4077],[80.3966,6.4122],[80.3866,6.4197],[80.3813,6.4256],[80.3768,6.4275],[80.3689,6.4268],[80.3591,6.4204],[80.3567,6.4173],[80.3526,6.4193],[80.3489,6.417],[80.3346,6.411],[80.3193,6.4016],[80.314,6.3972],[80.3051,6.3954],[80.2988,6.3976],[80.2897,6.391],[80.2903,6.3704],[80.2935,6.3606],[80.2946,6.3545],[80.2992,6.3458],[80.3009,6.3354],[80.2992,6.3263],[80.2936,6.3261],[80.2901,6.3316],[80.2856,6.3348],[80.2828,6.3408],[80.2759,6.3491],[80.2693,6.3499],[80.2647,6.3546],[80.2586,6.3591],[80.2524,6.366],[80.2466,6.3686],[80.2455,6.3725],[80.2411,6.3766],[80.2307,6.377],[80.2266,6.3789],[80.2188,6.3803],[80.212,6.3715],[80.2071,6.3721],[80.2077,6.3604],[80.2012,6.3578],[80.1971,6.3581],[80.1896,6.3545],[80.1858,6.3584],[80.1783,6.3598],[80.1693,6.3601],[80.1675,6.3617],[80.1537,6.3673],[80.1389,6.3674],[80.1364,6.3662],[80.1222,6.3712],[80.1192,6.3789],[80.1138,6.386],[80.0953,6.3959],[80.0875,6.4018],[80.0803,6.4017],[80.0769,6.3983],[80.0697,6.398],[80.0671,6.3996],[80.0634,6.4071],[80.0562,6.4092],[80.0514,6.4137],[80.044,6.4152],[80.0393,6.4195],[80.0321,6.4192],[80.0268,6.4234],[80.0233,6.4316],[80.0124,6.4371],[80.0062,6.4359],[80.0047,6.4304],[80.0004,6.4269],[79.9959,6.4306],[79.993,6.4382],[79.9901,6.4412],[79.9876,6.4404]]]},"properties":{"zone":"12"}},
{"type":"Feature","geometry":{"type":"Polygon","coordinates":[[[80.6701,6.306],[80.6628,6.3052],[80.6567,6.3026],[80.6594,6.2974],[80.6634,6.2931],[80.6636,6.2873],[80.6589,6.2808],[80.6543,6.2765],[80.6527,6.271],[80.6573,6.2669],[80.6609,6.26],[80.651,6.2575],[80.645,6.2569],[80.64,6.254],[80.6295,6.2417],[80.6248,6.2285],[80.6242,6.2227],[80.6182,6.2172],[80.6098,6.2055],[80.6083,6.1996],[80.6115,6.1885],[80.6193,6.1826],[80.625,6.1828],[80.6288,6.1813],[80.6348,6.1768],[80.6354,6.171],[80.6387,6.1711],[80.6518,6.1693],[80.6564,6.173],[80.6602,6.1736],[80.6623,6.1664],[80.656,6.1562],[80.6568,6.1523],[80.6551,6.1487],[80.6516,6.1469],[80.6466,6.1408],[80.6468,6.1349],[80.65,6.1327],[80.6541,6.1329],[80.6605,6.1285],[80.6625,6.1207],[80.6658,6.1192],[80.6752,6.1221],[80.6792,6.122],[80.689,6.1239],[80.6928,6.1221],[80.696,6.1155],[80.6842,6.1088],[80.6817,6.1056],[80.6802,6.1001],[80.6834,6.0955],[80.682,6.0895],[80.6901,6.0802],[80.6937,6.0737],[80.6921,6.0632],[80.6879,6.0596],[80.685,6.0625],[80.6777,6.0604],[80.6742,6.0555],[80.6704,6.054],[80.6642,6.0535],[80.6607,6.0519],[80.655,6.0431],[80.6638,6.0389],[80.6663,6.0306],[80.6666,6.0253],[80.6694,6.0246],[80.6762,6.0264],[80.6857,6.0274],[80.693,6.026],[80.6946,6.0208],[80.6989,6.0177],[80.6962,6.0121],[80.6869,6.0086],[80.6871,6.0041],[80.6896,5.9943],[80.6883,5.9907],[80.6984,5.991],[80.6998,5.9937],[80.7103,5.9894],[80.7149,5.9851],[80.722,5.9816],[80.7241,5.9787],[80.7276,5.9798],[80.7392,5.9746],[80.7361,5.981],[80.7384,5.9854],[80.7429,5.988],[80.7492,5.9988],[80.7548,6.0014],[80.7618,6.0013],[80.7739,6.0061],[80.7771,6.0048],[80.7907,6.0188],[80.7995,6.0205],[80.798,6.0276],[80.8007,6.0327],[80.8071,6.0372],[80.819,6.0415],[80.8311,6.0429],[80.8508,6.0458],[80.8617,6.0432],[80.8667,6.0469],[80.8656,6.0504],[80.8696,6.057],[80.8751,6.0597],[80.8859,6.0625],[80.9013,6.0633],[80.9055,6.0648],[80.9288,6.0748],[80.934,6.0749],[80.9365,6.0804],[80.9433,6.0838],[80.9513,6.0854],[80.9633,6.0859],[80.9746,6.0876],[80.977,6.0871],[80.9845,6.092],[80.9897,6.0929],[80.9926,6.0975],[81.0009,6.1012],[81.0196,6.1046],[81.0509,6.1069],[81.0541,6.1104],[81.0656,6.1104],[81.0701,6.1092],[81.0729,6.1107],[81.0878,6.113],[81.0927,6.1087],[81.0962,6.1122],[81.0996,6.1184],[81.0972,6.1216],[81.0972,6.1278],[81.1043,6.1278],[81.1056,6.1195],[81.1305,6.1213],[81.1266,6.126],[81.1304,6.1321],[81.1386,6.1355],[81.1445,6.1358],[81.1484,6.1412],[81.1529,6.1427],[81.1627,6.1439],[81.1686,6.1455],[81.1725,6.1487],[81.173,6.1515],[81.1785,6.1555],[81.1956,6.161],[81.2108,6.1641],[81.2261,6.1651],[81.227,6.1707],[81.2328,6.173],[81.2327,6.1773],[81.2358,6.1795],[81.2426,6.1817],[81.2707,6.1848],[81.2753,6.1864],[81.2801,6.1909],[81.2915,6.1931],[81.2946,6.1957],[81.3152,6.1989],[81.3194,6.1981],[81.3248,6.1994],[81.3246,6.2031],[81.3272,6.2063],[81.3381,6.2138],[81.3372,6.2192],[81.3385,6.2213],[81.346,6.2263],[81.3568,6.2302],[81.3661,6.2315],[81.3726,6.2368],[81.3742,6.2409],[81.3827,6.2454],[81.3949,6.2468],[81.3958,6.2493],[81.4015,6.2507],[81.4043,6.2563],[81.4111,6.2621],[81.4164,6.2647],[81.4203,6.2741],[81.4275,6.2791],[81.4275,6.2841],[81.4353,6.2891],[81.4371,6.2932],[81.4415,6.2961],[81.4509,6.2991],[81.4539,6.3021],[81.4662,6.3053],[81.4699,6.3076],[81.4803,6.3101],[81.4841,6.3142],[81.4839,6.3231],[81.4889,6.3264],[81.4943,6.3286],[81.4955,6.3326],[81.5008,6.3383],[81.4977,6.3431],[81.5005,6.3474],[81.5099,6.354],[81.5199,6.3592],[81.5297,6.3625],[81.542,6.3655],[81.5569,6.3672],[81.56,6.3701],[81.5662,6.3724],[81.5636,6.3763],[81.5687,6.3827],[81.5784,6.3887],[81.5925,6.3965],[81.5987,6.399],[81.6045,6.4063],[81.6093,6.4103],[81.616,6.4138],[81.6199,6.4186],[81.6152,6.4205],[81.616,6.4281],[81.6204,6.4326],[81.6324,6.4386],[81.644,6.4427],[81.6495,6.4457],[81.6546,6.4526],[81.6582,6.4542],[81.6614,6.4643],[81.6775,6.4755],[81.6894,6.4845],[81.6931,6.4865],[81.6988,6.4958],[81.7046,6.5012],[81.7079,6.5107],[81.6993,6.5146],[81.6915,6.5131],[81.6861,6.5143],[81.6772,6.5197],[81.671,6.5256],[81.668,6.5342],[81.6623,6.5404],[81.6564,6.5403],[81.651,6.5449],[81.6444,6.5419],[81.6402,6.5414],[81.6361,6.5452],[81.633,6.5525],[81.624,6.5615],[81.6211,6.5661],[81.6209,6.5711],[81.6154,6.5723],[81.6083,6.58],[81.6049,6.5688],[81.6009,6.5622],[81.5943,6.5625],[81.5879,6.5597],[81.5874,6.5567],[81.5818,6.5509],[81.573,6.5521],[81.5678,6.5544],[81.5633,6.5531],[81.5469,6.5365],[81.5431,6.5362],[81.539,6.5382],[81.5321,6.5351],[81.5282,6.5288],[81.524,6.5197],[81.5169,6.5164],[81.5095,6.5148],[81.5021,6.5107],[81.4904,6.5024],[81.4873,6.498],[81.4821,6.4958],[81.4784,6.4868],[81.4805,6.4772],[81.4796,6.4717],[81.4862,6.4657],[81.4858,6.4617],[81.476,6.4474],[81.4791,6.4395],[81.4778,6.4329],[81.4798,6.4193],[81.4775,6.4142],[81.4734,6.4089],[81.4681,6.4069],[81.4655,6.408],[81.4621,6.4126],[81.447,6.4144],[81.4449,6.4182],[81.4383,6.4199],[81.4364,6.4168],[81.4267,6.4171],[81.426,6.4145],[81.4199,6.4092],[81.413,6.4092],[81.4008,6.4064],[81.3987,6.4097],[81.3988,6.4139],[81.3933,6.4147],[81.3851,6.3996],[81.3815,6.3973],[81.3746,6.3982],[81.371,6.3966],[81.3683,6.3914],[81.3602,6.3909],[81.3507,6.3893],[81.348,6.3861],[81.3418,6.3828],[81.3321,6.3798],[81.3274,6.3823],[81.317,6.3753],[81.3125,6.38],[81.2994,6.374],[81.295,6.3728],[81.2891,6.373],[81.2784,6.3691],[81.2755,6.3663],[81.2735,6.3551],[81.2631,6.3461],[81.2568,6.3437],[81.2535,6.3408],[81.2457,6.3434],[81.2353,6.3414],[81.2297,6.3448],[81.2256,6.3447],[81.2211,6.3495],[81.2244,6.3578],[81.2215,6.3605],[81.2128,6.3651],[81.2035,6.3784],[81.2034,6.3833],[81.1986,6.3859],[81.1965,6.3907],[81.1916,6.395],[81.1902,6.4017],[81.1843,6.4055],[81.1801,6.4059],[81.1767,6.4032],[81.1701,6.4028],[81.1702,6.4001],[81.1668,6.3937],[81.1584,6.3925],[81.1542,6.3939],[81.1532,6.398],[81.1506,6.3997],[81.1446,6.3975],[81.1417,6.4106],[81.1378,6.4144],[81.1376,6.42],[81.1356,6.4213],[81.1276,6.4204],[81.1105,6.4209],[81.0997,6.4186],[81.0943,6.4226],[81.0891,6.4241],[81.0787,6.4242],[81.0708,6.4207],[81.0673,6.4139],[81.0616,6.4113],[81.0534,6.4164],[81.0488,6.4134],[81.0494,6.4068],[81.0458,6.4015],[81.041,6.3969],[81.037,6.3913],[81.0329,6.3934],[81.0281,6.3933],[81.0148,6.396],[81.0119,6.3951],[81.009,6.3893],[81.0088,6.3829],[81.0067,6.3788],[81.0071,6.3707],[81.0087,6.368],[81.0135,6.3691],[81.0185,6.3661],[81.0226,6.3589],[81.0201,6.3543],[81.0191,6.346],[81.0155,6.3432],[80.9987,6.335],[80.9924,6.334],[80.9825,6.3283],[80.9763,6.3262],[80.973,6.3266],[80.967,6.3242],[80.9653,6.3197],[80.9561,6.3137],[80.9486,6.3101],[80.9453,6.31],[80.9324,6.3035],[80.9292,6.3033],[80.9214,6.2965],[80.9265,6.294],[80.9311,6.2883],[80.9344,6.2805],[80.9341,6.2729],[80.9399,6.272],[80.9418,6.2691],[80.9414,6.2609],[80.9474,6.2515],[80.9477,6.2451],[80.9524,6.2405],[80.9532,6.2371],[80.9489,6.235],[80.9468,6.2368],[80.9381,6.2282],[80.9339,6.2331],[80.934,6.2363],[80.9311,6.2401],[80.9201,6.2385],[80.9104,6.2381],[80.9022,6.2433],[80.8975,6.2448],[80.8926,6.2491],[80.882,6.2463],[80.8785,6.2534],[80.8735,6.2598],[80.8703,6.2655],[80.8652,6.2693],[80.8604,6.2699],[80.8547,6.2722],[80.8456,6.2692],[80.8376,6.2695],[80.8301,6.2684],[80.8278,6.2661],[80.8182,6.2658],[80.8169,6.2668],[80.8073,6.2658],[80.8029,6.2676],[80.798,6.2671],[80.7886,6.2693],[80.7816,6.2754],[80.7753,6.2769],[80.771,6.2796],[80.7629,6.2803],[80.7503,6.2866],[80.7411,6.2896],[80.7324,6.2966],[80.7276,6.297],[80.722,6.3],[80.7118,6.3008],[80.7066,6.3056],[80.6984,6.308],[80.6858,6.3075],[80.6743,6.3052],[80.6701,6.306]]]},"properties":{"zone":"13"}}
]}